Category,Difficulty,Question,Option1,Option2,Option3,Option4,AnswerIndex,Explanation
情報セキュリティ,1,パスワードを安全に管理するための方法として、最も適切なものはどれか。,他人に推測されないよう定期的に必ず変更する,長く複雑な文字列を設定し、他のサービスと使い回さない,忘れないように手帳に書き、デスクの引き出しにしまっておく,覚えやすいように、自分の名前や生年月日を少し変更して設定する,1,パスワードは「十分な長さと複雑さを持ち、使い回さない」ことが推奨されます。頻繁な変更は単純なパスワードになりやすいため現在は必須とされていません。
情報セキュリティ,1,見知らぬ送信元から「重要：アカウント設定のお願い」という件名のメールが届き、リンクが記載されていた。適切な対応はどれか。,重要な内容かもしれないので、すぐにリンクをクリックして確認する,内容を確認するため、送信元に直接電話または返信する,リンクを開かず、すぐに情報システム部門等の管理者に報告する,リンク先のページを開き、安全そうであればIDとパスワードを入力する,2,心当たりのない不審なメールは「フィッシング詐欺」の可能性があります。絶対にリンクや添付ファイルを開かないでください。
情報セキュリティ,2,カフェ等で「公衆Wi-Fi」を利用する際の注意点として適切なものはどれか。,通信速度が速いため、機密情報の大きなファイルを送受信するのに適している,通信内容が暗号化されていないことが多く、盗聴される危険性がある,利用登録画面が表示されれば、必ず安全なネットワークであると言える,スマートフォンのアンチウイルスソフトが入っていれば盗聴のリスクはない,1,パスワードなしで接続できる公衆Wi-Fiは通信内容が暗号化されていないことが多く、盗聴されるリスクがあります。VPNを利用するなどの対策が必要です。
情報セキュリティ,1,離席時の基本動作「クリアスクリーン」として適切なものはどれか。,画面の明るさを最小に設定する,ブラウザのタブをすべて閉じてデスクトップ画面にする,PCを画面ロック状態（Winキー+Lなど）にする,ディスプレイの電源だけを切る,2,クリアスクリーンとは、他人にPCを勝手に操作されたり画面を覗き見されたりするのを防ぐため、画面をロック状態にすることを指します。
情報セキュリティ,3,悪意のある人物が、システム管理者を装って電話で社員からパスワードを聞き出したりする手口を何と呼ぶか。,ショルダーハッキング,ソーシャルエンジニアリング,クラッキング,ブルートフォース攻撃,1,人間の心理的な隙や行動のミスにつけ込んで（電話、会話、ゴミあさり等）秘密情報を盗み出す手口を「ソーシャルエンジニアリング」と呼びます。
情報セキュリティ,2,画面上に突然「ファイルは暗号化されました。復号したければ身代金を支払え」と表示された。これは何のマルウェアか。,ランサムウェア,トロイの木馬,キーロガー,スパイウェア,0,ランサムウェア（Ransom=身代金）は、感染したPCのデータを暗号化して人質に取り、金銭を要求する悪意のあるソフトウェアです。
情報セキュリティ,1,電車内でスマートフォンを使って業務メールを読んでいる際、横から他人に画面を覗き見されるリスクを何と呼ぶか。,ショルダーハック,フィッシング,スパム,盗聴,0,ショルダーハック（肩越し）はディスプレイを盗み見る行為です。画面にプライバシーフィルターを貼る、周囲に気を配るなどの対策が有効です。
情報セキュリティ,1,OSやソフトウェアの「アップデート（更新）」に関する対応として適切なものはどれか。,時間がかかるため、時間がある時（数ヶ月後など）にまとめて行う,不具合を防ぐため、可能な限りアップデートは行わない,新機能が不要なら無視してもよい,脆弱性（セキュリティの弱点）が修正されるため、速やかに適用する,3,アップデートの多くは、新たに発見されたセキュリティの脆弱性（弱点）を塞ぐために提供されます。速やかに適用することが重要です。
情報セキュリティ,2,テレワーク中、家族が共用している個人のパソコンで業務システムにアクセスすることの危険性はどれか。,専用ソフトウェアがインストールされていないため,家族の誤操作や、個人PCに潜むマルウェアによって情報漏洩を引き起こす恐れがあるため,ネットワークの通信速度が低下するため,デザインが正しく表示されないため,1,個人PCは企業が管理していないため十分なセキュリティ対策が施されていないケースが多く、情報漏洩やウイルス感染の大きなリスクがあります。
情報セキュリティ,2,記憶媒体（USBメモリ等）の取り扱い方針として適切なものは何か。,社外での作業効率向上のため積極的に活用する,私物のUSBメモリもパスワードをかければ自由に業務で使って良い,原則として使用を禁止・制限し、必要な場合は会社指定の暗号化USBメモリを利用する,データを削除すればウイルスは消えるため使い回しても安全である,2,USBメモリの紛失による情報漏洩事故は後を絶ちません。利用は原則禁止とするか、会社が指定した暗号化機能付きのものを許可制で利用するのが原則です。
情報セキュリティ,2,「二要素認証（多要素認証: MFA）」の説明として正しいものはどれか。,パスワードを2種類設定すること,IDとパスワードに加え、スマホのSMSや認証アプリなど「異なる要素」を組み合わせて認証すること,パスワードと秘密の質問（ペットの名前など）を組み合わせること,2人の管理者の許可がないとログインできない仕組みのこと,1,二要素認証とは「知識情報（パスワード等）」「所持情報（スマホ、ICカード等）」「生体情報（指紋等）」から異なる2つを組み合わせて不正アクセスを防ぐ仕組みです。
情報セキュリティ,3,「ゼロトラスト」というセキュリティの考え方として最も適切なものはどれか。,社内ネットワークは安全であるという前提に立つこと,すべての通信やアクセスを最初から信用せず、常に確認と検証を行うこと,アンチウイルスソフトを導入すれば全ての脅威を防げるという考え方,パスワードを廃止し、すべて生体認証に統一すること,1,ゼロトラスト（何も信頼しない）は、社内・社外を問わず全てのアクセスを常に検証し、最小限の権限のみを与える現代のセキュリティモデルです。
情報セキュリティ,2,ブラウザのアドレスバーに表示される「鍵マーク（HTTPS通信）」が意味していることはどれか。,そのウェブサイトに入力した情報が暗号化されて送信されること,そのウェブサイトの運営者が100%信頼できる安全な企業であること,そのウェブサイトには絶対にウイルスが存在しないこと,そのウェブサイトの閲覧履歴がPCに残らないこと,0,HTTPS通信（鍵マーク）は通信経路上でのデータ暗号化を意味します。詐欺サイトでもHTTPSを取得できるため「運営者の信頼性」を保証するものではありません。
情報セキュリティ,3,不審なメールに添付されていた「.exe」形式のファイルとは何か。,画像ファイルのため開いても安全である,エクセルファイルのため業務に必要な表データである,実行ファイル（プログラム）であり、ウイルス感染の可能性が極めて高い,圧縮ファイルのため、解凍ソフトが必要である,2,「.exe」はWindowsの実行可能ファイルです。不用意に開くとマルウェア（ウイルス）のプログラムが起動し、PCが乗っ取られる危険性があります。
情報セキュリティ,2,「マルウェア」の意味として最も適切なものはどれか。,悪意のあるソフトウェアの総称（ウイルス、スパイウェア等）,インターネットの通信速度を向上させるツール,不正アクセスをブロックするための防御システム,ハードウェアの故障を引き起こす物理的な欠陥,0,マルウェア（Malware）は「悪意のある（Malicious）」と「ソフトウェア（Software）」を組み合わせた造語で、ウイルスやランサムウェアなどの総称です。
情報セキュリティ,3,標的型攻撃メールの特徴として多いものはどれか。,英語で書かれた怪しい宣伝メール,不特定多数に送信されるアダルトサイトへの誘導メール,実在の取引先や上司を装い、業務に関係ありそうな巧妙な件名で送られるメール,「100万円当選しました！」というわかりやすい詐欺メール,2,標的型攻撃は特定の企業や個人を狙い打ちにするため、事前の調査に基づいて「人事異動のお知らせ」や「請求書」など、非常に巧妙で業務に関連した偽装メールを送ってきます。
情報セキュリティ,2,「ブルートフォース攻撃」とはどのような手口か。,他人の通信を傍受して内容を盗み見ること,可能なパスワードの組み合わせを総当たりで次々と入力して突破を試みること,大量のデータを送りつけてサーバーをダウンさせること,システムの管理者に電話をかけてパスワードを聞き出すこと,1,ブルートフォース（力任せ）攻撃とは、暗証番号やパスワードとして考えられる全ての組み合わせを機械的に総当たり入力するパスワードクラッキング手法です。
情報セキュリティ,2,退職時に業務で使用していたデータを自分の個人のUSBメモリに出力して持ち帰った。これは何に該当するか。,情報のバックアップとして推奨される行為,情報漏洩（コンプライアンス違反・不正競争防止法違反）,個人の自由であるため問題ない,システム部門の負担を減らすための適切な処置,1,会社の業務で得たデータや顧客情報は会社の資産（営業秘密）です。無断での持ち出しは重大な情報漏洩であり、刑事罰や損害賠償の対象となる可能性があります。
情報セキュリティ,1,SNS（X、Instagramなど）への業務上の不満や職場の写真の投稿について、適切な認識はどれか。,匿名アカウントであれば何を書いてもバレないので自由である,「公開範囲」を友人に限定していれば、社外秘の情報を載せても安全である,写真の背景に社員証や機密書類が写り込むことで特定や情報漏洩につながる危険がある,プライベートな時間であれば業務に関する守秘義務は適用されない,2,匿名や限定公開であってもスクリーンショット等で流出するリスクがあります。また、写真の画質向上により机の上の書類から機密漏洩に発展するケースが多発しています。
情報セキュリティ,2,業務用のスマートフォンを紛失してしまった場合、最初にとるべき行動はどれか。,見つかるまで誰にも言わず、自力で探し続ける,速やかに直属の上司およびシステム管理部門へ報告し、リモートロック等の措置を依頼する,携帯電話会社に電話して新しい端末を購入する,SNSで「落としました」と拡散協力を求める,1,紛失発覚後、情報漏洩を防ぐためのリモートロック（遠隔消去）などの初動対応が生死を分けます。一人で悩まず「即時報告」が絶対のルールです。
情報セキュリティ,3,「ダークウェブ」とはどのようなネットワーク環境を指すか。,深夜の時間帯でしかアクセスできない通信環境,特殊なブラウザを使用しないとアクセスできず、匿名性が高いため犯罪の温床となりやすいWeb領域,企業の内部ネットワーク（イントラネット）の別称,通信エラーが起きて接続できなくなったWebサイト,1,ダークウェブは匿名性を維持する特別な技術（Torなど）が必要な領域で、違法な取引や漏洩した個人情報の売買などに悪用されることが多い空間です。
情報セキュリティ,2,「シングルサインオン（SSO）」のメリットとして適切なものはどれか。,1つのパスワードが漏れた際の被害が1システムに限定されるため安全性が高い,1度のユーザー認証を行うだけで、連携する複数のシステムやアプリをパスワード入力なしで利用できる,2人の管理者が同時にサインしないとシステムにログインできない,ユーザーが自分自身でパスワードをリセットできなくなる,1,SSOは一度のログインで複数サービスを利用できる仕組みです。利便性が高い反面、そのアカウントが乗っ取られると全サービスにアクセスされるリスクがあるためMFA等との併用が必須です。
情報セキュリティ,3,「シャドーIT」という言葉が指す状態はどれか。,パソコンの画面の明るさが暗すぎること,従業員が会社の許可を得ずに、個人の判断で業務に利用しているクラウドサービスやデバイスのこと,システム部門が夜間にこっそり行うシステムメンテナンス作業,サイバー攻撃の予兆として現れる不審な通信ログ,1,シャドーITとは、私物のスマホや無料のファイル転送サービス、未許可の生成AIなどを業務に無断利用する行為であり、セキュリティ管理が行き届かず情報漏洩の大きな原因となります。
情報セキュリティ,2,「生体認証（バイオメトリクス認証）」に該当しないものはどれか。,指紋認証,顔認証,静脈認証,ワンタイムパスワード認証,3,ワンタイムパスワードはスマホ等で受け取る「所持情報」に分類されます。生体認証は人間の身体的特徴（指紋、顔、虹彩、静脈など）を用いた認証方式です。
情報セキュリティ,1,アンチウイルスソフト（セキュリティソフト）はどのような状態に保つべきか。,購入した時点のバージョンのまま更新しない,動作が重くなるため、怪しいサイトを見る時だけ手動でオンにする,常にパターンの定義ファイル（ウイルスの特徴データ）を最新の状態に更新し、常時稼働させる,週に1回だけ起動してチェックを行う,2,新種のウイルスは毎日誕生しているため、セキュリティソフトは常に最新の定義ファイルにアップデート（更新）し、常時監視させておく必要があります。
Windows基礎,1,ファイルの末尾についている「.docx」「.xlsx」「.jpg」などの文字列を何と呼ぶか。,パスワード,ドメイン名,拡張子,ディレクトリ,2,「拡張子」は、そのファイルがどのような種類のデータ（画像、Word文書など）であるかをOSが識別するための文字列です。
Windows基礎,1,「.pdf」ファイルを開くためによく使われる代表的なソフトウェアはどれか。,Microsoft Excel,Adobe Acrobat Reader,Windows Media Player,メモ帳,1,PDFファイルは「Adobe Acrobat Reader」やWebブラウザで開くのが一般的です。文書のレイアウトが崩れず、どの環境でも同じように閲覧できます。
Windows基礎,2,パソコンの動作が固まった際、タスクマネージャーを起動させるためによく使われるキー操作はどれか。,Ctrl + Alt + Delete,Shift + Enter + Space,Windowsキー + R,Alt + F4,0,「Ctrl + Alt + Delete」キーを同時に押すことで、セキュリティの管理画面が開き、タスクマネージャーの起動などが行えます。
Windows基礎,1,複数のファイルをまとめて1つのファイルにし、データサイズを小さくする操作を何と呼ぶか。,ファイルの最適化,ファイルのデフラグ,ファイルの圧縮,ファイルの解凍,2,ファイルの圧縮（ZIP形式など）を行うと、複数のファイルを1つにまとめられ容量も削減できます。元に戻すことを「解凍（展開）」と呼びます。
Windows基礎,1,Windowsで誤って「ごみ箱」に入れてしまったファイルを元に戻す方法はどれか。,二度と戻すことはできないので、諦める,ごみ箱を開き、対象のファイルを右クリックして「元に戻す」を選択する,パソコンを再起動すれば自動的に元の場所に戻る,「システムの復元」を必ず実行しなければならない,1,ごみ箱を空にしていなければ、ごみ箱を開いて「元に戻す」を実行することでファイルは元のフォルダーに復元されます。
Windows基礎,2,文字をコピーした際に、そのデータが一時的に保存されるコンピュータ内の仕組みの名称はどれか。,クリップボード,ハードディスク,クラウド,キャッシュ,0,「クリップボード」は、コピーや切り取りを行ったデータ（テキストや画像など）を一時的に記憶しておく領域のことです。
Windows基礎,3,外部ディスプレイ（モニター）をパソコンに接続した際、画面の表示モードを素早く切り替えるショートカットキーはどれか。,Windowsキー + P,Windowsキー + D,Alt + Tab,Ctrl + Shift + Esc,0,Windowsキーを押しながら「P(Projector)」キーを押すと、「複製」「拡張」「セカンドスクリーンのみ」といったディスプレイの投影設定を切り替えられます。
Windows基礎,2,Webブラウザなどでページの内容を最新の状態に読み込み直す（リロードする）キーはどれか。,F2キー,F5キー,F11キー,Escキー,1,F5キー（またはCtrl+R）を押すと、表示しているWebページやエクスプローラーの画面を更新（リロード）することができます。
Windows基礎,2,インターネットのURLの先頭についている「https://」の「s」は何を意味しているか。,システム (System),セキュリティ (Secure) の観点で通信が暗号化されていること,サーバー (Server),スピード (Speed) の速い回線であること,1,HTTPSは、通信内容がSSL/TLSという技術によって暗号化されており、盗聴や改ざんを防ぐより安全な通信であることを示しています。
Windows基礎,2,エクスプローラーで、ファイルやフォルダの「名前の変更」を素早く行うためのキーはどれか。,F1キー,F2キー,F3キー,Enterキー,1,ファイルやフォルダを選択して「F2」キーを押すと、即座に名前変更モードに入ることができます。
Windows基礎,1,Windowsの機能「エクスプローラー（Explorer）」の主な役割はどれか。,インターネット上のWebサイトを閲覧する,ファイルやフォルダーの閲覧、移動、管理を行う,ウイルスを検知して駆除する,WordやExcelのファイルを作成する,1,エクスプローラー（黄色のフォルダアイコン）は、PC内のファイルやフォルダを管理するための基本プログラムです。
Windows基礎,2,ディスプレイ（画面）の特定の領域だけを切り取って画像として保存（スクリーンショット）したい場合に便利なショートカットはどれか。,Ctrl + C,Windowsキー + Shift + S,Alt + F4,Windowsキー + E,1,「Windows + Shift + S」を押すと「Snipping Tool」が起動し、画面の一部だけを自由に切り取ってクリップボードに保存できます。
Windows基礎,3,Windowsで、現在開いている全てのウィンドウを全て背面に追いやり、強制的にデスクトップ画面を表示する操作（ショートカット）はどれか。,Windowsキー + D,Shift + D,Ctrl + D,Alt + D,0,「Windowsキー ＋ D (Desktop)」を押すと、素早く全てのウィンドウが最小化されデスクトップが現れます。もう一度押すと元の状態に戻ります。
Windows基礎,2,PCの画面上に複数のウィンドウを並べたい時、ウィンドウを画面の左半分や右半分にピタッと寄せる機能（スナップ機能）のショートカットはどれか。,Windowsキー + 矢印キー（←や→）,Ctrl + 矢印キー,Shift + 矢印キー,Alt + 矢印キー,0,Windowsキーを押しながら左右の矢印キーを押すと、ウィンドウが画面のちょうど半分（または4分の1）のサイズでピタッと整列します。
Windows基礎,2,デスクトップやフォルダ内にある複数のファイルを「離れた場所にあるものだけ」飛び飛びで選択したい場合、どのキーを押しながらクリックするか。,Shiftキー,Ctrlキー,Altキー,Windowsキー,1,Ctrlキーを押しながらクリックすると、離れた場所にある複数のファイルを個別に選択できます（Shiftキーは連続した範囲を選択します）。
Windows基礎,3,USBメモリなどを安全に取り外すために行う「ハードウェアの安全な取り外し」を行わずに直接引き抜いた場合、最も考えられるリスクはどれか。,USBメモリの容量が減少する,次からそのUSBメモリが認識されなくなる、またはデータが破損する,PCの電源が突然落ちる,PCがウイルスに感染する,1,PCがバックグラウンドでデータを書き込んでいる途中に引き抜くと、ファイルが破損したりUSBメモリ自体が故障して認識できなくなる恐れがあります。
Windows基礎,2,Windowsのタスクバーに頻繁に使うアプリのアイコンを常駐させておく（常に表示させる）機能・操作を何と呼ぶか。,ピン留めする,ショートカットを作成する,ブックマークする,お気に入りに追加する,0,アプリアイコンを右クリックして「タスクバーにピン留めする」を選ぶと、アプリを閉じてもアイコンが残り、ワンクリックで起動できるようになります。
Windows基礎,3,Webブラウザで、以前入力した検索履歴やパスワードなどの一時ファイル（キャッシュ）が原因でWebページが正しく表示されない場合、初期の対処法として有効なものはどれか。,新しいパソコンを購入する,プロバイダとの契約を一度解除する,ブラウザの「キャッシュ（閲覧履歴）のクリア（消去）」を実行する,OSを再インストールする,2,古いデータ（キャッシュ）を読み込んで動作がおかしくなっている場合、ブラウザの設定画面からキャッシュやCookieのクリアを行うことで解消されることが多いです。
Windows基礎,1,一般的なマウス操作である「ダブルクリック」は、主にどのような場面で使用するか。,テキストをコピーする時,ファイルのアイコンを開く、またはプログラムを起動する時,右クリックメニューを表示する時,ウィンドウを閉じる時,1,ダブルクリックはファイルやフォルダを開いたり、アプリケーションを起動する際の基本的な操作です。
Windows基礎,2,ブラウザで表示しているWebページから、特定の文字列（単語）をページ内で検索したい時に使う「ページ内検索」のショートカットはどれか。,Ctrl + F,Ctrl + S,Ctrl + C,Ctrl + N,0,「Ctrl + F (Find)」を押すことで、画面右上に検索ボックスが現れ、ページ内の目的の単語を素早くハイライトして見つけることができます。
Windows基礎,3,OSの「再起動（Restart）」と「シャットダウンして再度電源を入れる（コールドブート）」は、現代のWindowsにおいて内部的な処理が異なる場合がある。調子が悪い時に推奨されるのはどちらか。,シャットダウンして再度電源を入れる,再起動を選択する,電源ボタンを長押しして強制終了する,コンセントを抜いて挿し直す,1,Windowsの「高速スタートアップ」機能が有効な場合、シャットダウンは一部のデータを保存したまま休止状態になります。「再起動」を選ぶと完全にシステムをリセットして立ち上げ直すためトラブル解消に有効です。
Windows基礎,2,「タスクマネージャー」を開くことで確認できる情報として最も適切なものはどれか。,HDDの残り容量,現在動いているアプリやPCの負荷（CPU・メモリの使用率）,インターネットの契約プラン,送信済みのメール履歴,1,タスクマネージャーでは、現在実行中のプロセス（アプリ）一覧や、パソコンの頭脳であるCPU、メモリの負荷状態を確認して、フリーズしたアプリを強制終了させることができます。
Windows基礎,1,「Shift」キーを押しながら英字キー（Aなど）を押すと、入力はどうなるか。,数字が入力される,大文字で入力される（Caps Lockオフ時）,記号が入力される,ひらがなが入力される,1,通常のローマ字入力状態でShiftキーを押しながらアルファベットを打つと「大文字」が入力されます。
Windows基礎,3,Windowsで、コピーした過去の履歴を複数さかのぼって確認・貼り付けができる「クリップボード履歴」を呼び出すショートカットキーはどれか。,Ctrl + C,Ctrl + V,Windowsキー + V,Shift + V,2,「Windowsキー ＋ V」を押すとクリップボードの履歴パネルが開き、過去にコピーしたテキストや画像を一覧から選んで貼り付けることができます（初回に機能をオンにする必要があります）。
Windows基礎,1,パソコンの「デスクトップ」という言葉が指す本来の意味のイメージはどれか。,本棚,ゴミ箱,作業机の上の面,引き出しの中,2,Desktop（机の上）は、書類（ファイル）を広げて作業を行う場所、つまりパソコン起動直後に表示される基本の画面領域を指します。
ショートカットキー,1,選択したテキストやファイルを「コピー」するショートカットキーはどれか。,Ctrl + X,Ctrl + V,Ctrl + C,Ctrl + Z,2,Ctrl + C (Copy) でコピーを行います。
ショートカットキー,1,コピーしたテキストやファイルを「貼り付け（ペースト）」するショートカットキーはどれか。,Ctrl + C,Ctrl + P,Ctrl + V,Ctrl + A,2,Ctrl + V (可能であればVelcro=面ファスナーの略などに由来) で貼り付けを行います。
ショートカットキー,1,直前の操作を「元に戻す（取り消す）」ショートカットキーはどれか。,Ctrl + Y,Ctrl + Z,Ctrl + R,Ctrl + D,1,Ctrl + Z は「元に戻す」です。誤って文章を消してしまった時でも、これを押すことで直前の状態に復旧できます。
ショートカットキー,2,現在開いているファイルやWebページ内の文字を「検索」するショートカットキーはどれか。,Ctrl + F,Ctrl + S,Ctrl + E,Ctrl + H,0,Ctrl + F (Find) を押すと、検索ボックスが表示されます。
ショートカットキー,1,作成中の文書やファイルを「上書き保存」するショートカットキーはどれか。,Ctrl + N,Ctrl + O,Ctrl + S,Ctrl + P,2,Ctrl + S (Save) で上書き保存ができます。こまめに保存する癖をつけることが重要です。
ショートカットキー,1,文章などを「すべて選択」するためのショートカットキーはどれか。,Ctrl + A,Ctrl + W,Ctrl + T,Ctrl + G,0,Ctrl + A (All) を押すと、一括ですべての対象を選択することができます。
ショートカットキー,2,開いている複数のウィンドウを素早く「切り替える」ためのキーボード操作はどれか。,Ctrl + Tab,Alt + Tab,Windowsキー + Tab,Shift + Tab,1,Altキーを押しながら Tabキーを押すことで、現在開いているアプリの一覧が表示され、素早く切り替えられます。
ショートカットキー,2,作業中のウィンドウを一瞬で最小化し、「デスクトップ画面を表示」するショートカットキーはどれか。,Windowsキー + D,Windowsキー + E,Alt + M,Ctrl + D,0,Windowsキー + D (Desktop) を押すと、すべてのウィンドウが最小化されデスクトップが表示されます。
ショートカットキー,1,文章中の現在行にある文字を「切り取る（カット）」ためのショートカットキーはどれか。,Ctrl + C,Ctrl + X,Ctrl + K,Ctrl + T,1,Ctrl + X を押すことで、選択した部分を切り取り、クリップボードに保存できます。ハサミ(X)の形と覚えると簡単です。
ショートカットキー,3,「Ctrl + Z」で元に戻した操作を、さらに「やり直す（進める）」ためのショートカットキーはどれか。,Ctrl + Y,Ctrl + R,Ctrl + V,Ctrl + P,0,Ctrl + Y を押すと、取り消した操作をやり直す（Redo）ことができます。
ショートカットキー,2,印刷画面をすばやく呼び出すためのショートカットキーはどれか。,Ctrl + G,Ctrl + P,Ctrl + I,Ctrl + M,1,Ctrl + P (Print) を押すことで、即座に印刷メニューを表示できます。
ショートカットキー,3,不要になったファイルを「ごみ箱」を経由せずに完全に直接削除するショートカットキーはどれか。,Ctrl + Delete,Shift + Delete,Alt + Delete,Windowsキー + Delete,1,Shift + Delete を押すとごみ箱に入らず完全に削除されます。あとから復元できないため注意して使用してください。
ショートカットキー,2,Webブラウザで現在見ているタブを「閉じる」ショートカットキーはどれか。,Ctrl + W,Ctrl + T,Ctrl + Q,Ctrl + C,0,Ctrl + W は、新しいブラウザ全体を閉じるのではなく、現在アクティブになっている「タブ」だけを閉じる際に使います。
ショートカットキー,2,Webブラウザで「新しい空のタブ」を開くショートカットキーはどれか。,Ctrl + N,Ctrl + T,Ctrl + O,Ctrl + H,1,Ctrl + T (Tab) を押すと、即座に新しいタブが開かれます。Ctrl + N は「新しいウィンドウ」を開きます。
ショートカットキー,3,Webブラウザで、誤って閉じてしまったタブを「開き直す（復元する）」ショートカットキーはどれか。,Ctrl + Shift + T,Ctrl + Z,Alt + R,Ctrl + Shift + R,0,Ctrl + Shift + T を押すと、直前に閉じたタブを履歴から即座に復活させることができます。非常に便利なショートカットです。
ショートカットキー,3,Wordやメモ帳で、文字を特定の文字列に「置換（入れ替え）」する画面を出すショートカットキーはどれか。,Ctrl + R,Ctrl + E,Ctrl + H,Ctrl + F,2,Ctrl + H を押すと「検索と置換」のダイアログボックスが開きます。社名変更などで一括置換する際に便利です。
ショートカットキー,2,文字入力中、ローマ字変換をやり直すために、入力したひらがなを「全角カタカナ」に一発で変換するファンクションキーはどれか。,F6,F7,F8,F9,1,漢字変換中に「F7」キーを押すと全体が一瞬で全角カタカナに変換されます。（F8は半角カタカナ、F9は全角英数です）。
ショートカットキー,3,文字入力中、入力した文字を「半角英数字」に変換するファンクションキーはどれか。,F7,F8,F9,F10,3,文字を入力して「F10」キーを押すと、一瞬で半角英数（アルファベット）に変換されます。意図せず日本語入力モードで英単語を打ってしまった時のリカバリに最適です。
ショートカットキー,2,WordやExcelなどのファイルを開くダイアログを呼び出す「開く」ショートカットキーはどれか。,Ctrl + O,Ctrl + N,Ctrl + L,Ctrl + K,0,Ctrl + O (Open) で「ファイルを開く」ダイアログボックスを表示できます。
ショートカットキー,3,テキスト編集において、直前の単語（または文節）単位でまとめて削除するショートカットはどれか。,Shift + Backspace,Ctrl + Backspace,Alt + Backspace,Windowsキー + Backspace,1,Ctrlキーを押しながらBackspaceを押すと、文字単位ではなくある程度の単語単位でガサッと左側を消すことができます。
ショートカットキー,2,Excelなどで、操作を取り消す「Esc」キーはキーボードのどの位置に配置されているのが一般的か。,右下,左下,左上,右上,2,Escape（脱出）の略であるEscキーは、操作のキャンセルなどを行うためのキーで、通常キーボードの最も左上に配置されています。
ショートカットキー,3,「Windowsキー + E」を押したときに起動する機能はどれか。,Eメールの作成画面,エクスプローラー（フォルダ管理画面）,インターネットブラウザ,設定画面（コントロールパネル）,1,Windowsキー + E (Explorer) を押すと、ファイルの管理などを行うエクスプローラーが一瞬で開きます。
ショートカットキー,3,「Windowsキー + L」を押したときに起こる動作はどれか。,画面がロックされる,PCがログオフ（サインアウト）される,左側にウィンドウが寄る,文字のサイズがLarge（大）になる,0,Windowsキー + L (Lock) を押すと、即座に画面がロック（クリアスクリーン状態）されます。離席時の必須ショートカットです。
ショートカットキー,2,開いているソフトウェアそのものを「終了」するショートカットキーはどれか。,Alt + F4,Ctrl + F4,Shift + F4,Windowsキー + F4,0,Alt + F4 を押すと、現在アクティブなアプリケーション自体を終了（画面右上にある×ボタンを押すのと同じ）することができます。
ショートカットキー,3,ブラウザを使用中に「F11」キーを押すとどうなるか。,印刷画面になる,全画面表示（フルスクリーン）になる,お気に入りに追加される,ソースコードが表示される,1,F11キーを押すと、ブラウザの上部メニューバーなどが隠れ、広い全画面表示モード（フルスクリーン）に切り替わります。
MS Office基礎,1,Excelで、セルの合計値を自動で計算してくれる関数はどれか。,=AVERAGE(),=COUNT(),=MAX(),=SUM(),3,=SUM() は指定範囲の合計を出す基本関数です。AVERAGEは平均、COUNTは個数、MAXは最大値を求めます。
MS Office基礎,2,Excelで、下や右のセルに数式や連続データを一気にコピーする際に使う、セル右下に出る小さな四角形を何と呼ぶか。,フィルハンドル（オートフィル）,ドラッグボックス,スクロールバー,コピーポイント,0,セルの右下にある「フィルハンドル」をドラッグ（オートフィル）することで、連続データや数式を素早くコピーできます。
MS Office基礎,3,Excelで特定のセルをコピーした際、「A1」が勝手にズレるのを防ぐため、「$A$1」のように記号をつけて数式を固定する参照方法を何と呼ぶか。,相対参照,絶対参照,固定参照,自動参照,1,「$」マークをつけてセル行・列を固定することを「絶対参照」と呼びます。F4キーを押すことで素早く$マークを付けられます。
MS Office基礎,2,Wordで、強制的に次のページから書き始めたい場合に行う操作（改ページ）はどれか。,Enterキーをたくさん押して次のページまで空白を作る,「Ctrl + Enter」キーを押す,スペースキーを押し続ける,「ページを下へ」ボタンを押す,1,「Ctrl + Enter」で改ページを入れます。Enterキーを連打してページを変えると、後から行を追加した際にレイアウトが大きく崩れる原因になります。
MS Office基礎,2,PowerPointで、作成したスライドショーを「最初のスライドから」全画面で再生開始する一番簡単なキーはどれか。,F5キー,Enterキー,Spaceキー,Ctrl + P,0,F5キーを押すと、スライドショーが最初から再生されます。現在のページから再生したい場合は Shift + F5 を使います。
MS Office基礎,1,ExcelやWordで、作業内容を誤って消してしまったが、まだ保存していない場合、最優先で行うべき操作はどれか。,急いでファイルを「上書き保存」する,マウスを激しく動かす,Ctrl + Z（元に戻す）を押す,パソコンを再起動する,2,直後であれば、Ctrl+Zで復元できます。ここで焦って上書き保存（Ctrl+S）をしてしまうと、消えた状態が確定してしまうため注意が必要です。
MS Office基礎,2,Excelにおいて、表の上の行（見出し部分タイトル）などを、下へスクロールしても常に表示させておく機能を何と呼ぶか。,ウィンドウの分割,ウィンドウ枠の固定,ヘッダーのロック,常時表示モード,1,「表示」タブの「ウィンドウ枠の固定」機能を使うことで、スクロールしても見出しを見失わずに作業できます。
MS Office基礎,2,Excelで、指定した範囲の中から条件に一致するセルの個数を数える関数はどれか。,=COUNT(),=COUNTA(),=COUNTIF(),=SUMIF(),2,"=COUNTIF()は「特定の条件（例：""〇""と入力されたセルなど）」に一致するセルの件数を数える便利な関数です。"
MS Office基礎,3,Excelで、表の中から指定した検索条件に一致するデータを探し出し、対応する別の列の値を引っ張ってくる関数として代表的なものはどれか。,=IF(),=VLOOKUP(),=FIND(),=MATCH(),1,VLOOKUP関数は、社員番号から氏名を自動で引っ張ってくるなど、別の表からデータを検索・抽出する実務で非常に多用される関数です。
MS Office基礎,2,PowerPointで、編集中に現在のスライドの表示倍率（ズーム）を素早く調整する方法はどれか。,Altキーを押しながら矢印キーを押す,Ctrlキーを押しながらマウスのホイールを回転させる,ShiftキーとEnterキーを一緒に押す,マウスを激しく左右に振る,1,Ctrlキーを押しながらマウスのスクロールホイールを上下に回すことで、PowerPointやExcel、ブラウザ画面のズームイン・ズームアウトが可能です。
MS Office基礎,1,Wordにおいて、文字の太さを「太字（ボールド）」にするための一般的なショートカットキーはどれか。,Ctrl + B,Ctrl + I,Ctrl + U,Ctrl + S,0,Ctrl + B (Bold) で太字にできます。ちなみに Ctrl + I は斜体 (Italic)、Ctrl + U は下線 (Underline) です。
MS Office基礎,3,Excelで入力されている文字や数値の「書式設定ダイアログ（セルの書式設定）」を一発で呼び出すショートカットキーはどれか。,Ctrl + 1,Ctrl + 2,Shift + F1,Alt + Enter,0,「Ctrl + 1」はセル内の表示形式、配置、罫線などを設定するダイアログボックスを瞬時に出す、実務で必須のショートカットです。
MS Office基礎,2,Excelで「1つのセルの中」で文字を改行したい場合、どのキーを押すか。,Enter,Shift + Enter,Alt + Enter,Ctrl + Enter,2,セル内で改行するには「Altキー」を押しながら「Enterキー」を押します。ただのEnterだと下のセルに移動してしまいます。
MS Office基礎,1,MS Office製品全般において、上部にある「ファイル」「ホーム」「挿入」などのタブとボタンが並んでいる帯状のメニュー領域の名称は何か。,タスクバー,リボン,タイトルバー,ステータスバー,1,各種コマンドボタンが配置されている上部の領域を「リボン」と呼びます。
MS Office基礎,3,Excelで、今日の日付をセルに素早く入力する（ショートカットで自動入力する）にはどのキーを使うか。,Ctrl + ; （セミコロン）,Ctrl + : （コロン）,Shift + D,Alt + T,0,「Ctrl + ; (セミコロン)」で今日の日付が、「Ctrl + : (コロン)」で現在の時刻が一瞬で入力されます。
ビジネス実務,1,ビジネスメールで「To」「Cc」「Bcc」等の宛先欄がありますが、「Cc」の基本的な意味・用途として適切なものはどれか。,返信を強く求めているメインの宛先,参考・共有（情報共有）として知っておいてほしい宛先,相手にアドレスを隠してこっそり送る宛先,ファイルを複数添付する際の専用の宛先,1,Cc（Carbon Copy）は「（主担当ではないが）念のため情報を共有しておきたい相手」を入れます。
ビジネス実務,2,「Bcc」を用いたメール送信に関する説明として、正しいものはどれか。,ToやCcの受信者には、誰がBccで受け取っているかが表示される,送信先のアドレスを他の受信者に互いに知られたくない場合に入力する,Bccに入力したアドレス宛には、添付ファイルが送信されない,社内の人間にだれメールを一斉送信する際に使われる専用の宛先である,1,Bcc（Blind Carbon Copy）に入力されたアドレスは他の受信者に表示されません。個人情報漏洩を防ぎながら一斉送信する際に使用します。
ビジネス実務,3,ファイルをZip形式でパスワード付き圧縮してメールで送り、直後の別のメールでそのパスワードを送る、いわゆる「PPAP」方式はどう扱うべきとされているか。,セキュリティが極めて強固なため、積極的に使用すべきである,マルウェアの検知をすり抜ける危険があり、内閣府等でも廃止の方向である,送る側がパスワードを忘れなければ安全である,国際的な標準規格として推奨されている,1,PPAP（パスワード付きZipの利用）は、ウイルススキャンをすり抜ける等セキュリティ上の懸念が強いため、現在廃止が進んでおり、クラウドストレージ等での共有が推奨されています。
ビジネス実務,1,業務でWeb会議（Zoom、Teamsなど）に参加する際、自分の周りの雑音が相手に聞こえないようにするために行う基本的な操作はどれか。,カメラをオフにする,マイクの「ミュート（消音）」機能を使用する,画面共有を開始する,パソコンの音量設定をゼロにする,1,Web会議では自分が発言しない時はマイクを「ミュート」にするのが基本マナーです。自分がタイピングする音などもミュートで防ぎます。
ビジネス実務,2,ビジネスメールの作法において、「インラインで失礼します」と表現される手法はどれか。,相手のメール本文を引用し、その中の質問に対する回答を間に挿入して書き込むこと,社内メッセンジャー（チャットツール）を使って素早く返信すること,添付ファイルを使わずに、URLリンクだけでデータを受け渡しすること,署名（シグネチャー）を省いて短い文章で送ること,0,先方の複数の質問に対して、相手の文章を「>」等で引用し、その直下に自分の回答を挿入して返す形式を「インライン回答」と呼びます。
ビジネス実務,2,PDFなどの文書ファイルを取引先に送付する際、ファイル名に含めておくべき情報として最も適切なものはどれか。,作成者のPCのログインID,「最終版」という言葉（例：見積書_最終版.pdf）,内容、日付、自社名などの一意な識別情報（例：20231010_〇〇見積書_A社.pdf）,パスワードそのものを含める,2,ファイル名は受信者がひと目で「いつの・誰からの・何のファイルか」分かるように命名するのが親切です。「最終版_最新_2」のような命名は混乱を招きます。
ビジネス実務,3,ビジネスチャット（SlackやTeamsなど）でのコミュニケーションの特徴とマナーとして最も適切なものはどれか。,業務時間外でも気兼ねなく通知を送って良い,「お疲れ様です。〇〇会社の佐藤です。」といった宛名や時候の挨拶は省いて要件から入る方が好まれる,重要な決定事項はチャットだけで済ませるのがルールである,メールと同じように、必ず「拝啓・敬具」を用いる,1,チャットツールはメールと違い「スピーディな要件の伝達」が目的です。回りくどい挨拶は省略し、簡潔に結論・要件を伝えるのがマナーとされています。
ビジネス実務,2,「CC」に入っているメールに対して「全員へ返信（Reply All）」を行うべき典型的なケースはどれか。,送信者個人にだけお礼を言いたい場合,CCに入っている関係者全員にも、プロジェクトの進捗や決定事項を共有する必要がある場合,別の全く関係ないプロジェクトの相談をする場合,会社の機密情報を特定の上司にだけこっそり送りたい場合,1,CCに他の関係者が含まれている議題の場合、「全員へ返信」を用いて情報共有の漏れを防ぐのが基本です。個人的な要件は「返信（送信者のみ）」を使い分けます。
ビジネス実務,3,電子証明書などを用いて、作成者が本人であることとファイルが改ざんされていないことを保証する電子文書の仕組みを何と呼ぶか。,電子パスワード,電子透かし,電子署名（デジタル署名）,タイムスタンプ,2,紙の文書における「ハンコ・サイン」と同等の法的効力を持たせ、本人確認や改ざん防止を実現する技術が「電子署名」です。
ビジネス実務,1,Web会議などで、PowerPoint等の資料を相手側の画面にも大きく表示させて説明（プレゼン）する機能を何と呼ぶか。,リモートコントロール,画面共有,ミラーリング,クラウドリンク,1,「画面共有」機能を使うことで、自分のPC画面に開いている資料を、他の参加者の画面にリアルタイムで映し出すことができます。
情報セキュリティ,2,「WAF (Web Application Firewall)」の主な役割はどれか。,社内ネットワークへの不正侵入を防ぐ,WebサイトやWebアプリの脆弱性を突く攻撃を防御する,ウイルスつきのメールを隔離する,社内からスパムメールが送信されるのを防ぐ,1,WAFはWebサーバーの前面に配置し、SQLインジェクションなどのWebアプリケーションへの攻撃に特化して防御するシステムです。
情報セキュリティ,3,パスワードを保護するための技術である「ハッシュ化」の最も重要な特徴はどれか。,元のパスワードにいつでも復元できること,不可逆性があり、計算してハッシュ値から元のパスワードを割り出すことが極めて困難であること,パスワードを定期的に自動変更してくれること,パスワードの長さを無制限にできること,1,ハッシュ化（SHA-256など）は一方通行の暗号化であり、データ漏洩時にも元のパスワードが復元されない（不可逆性）ため安全性を保てます。
情報セキュリティ,2,「Emotet（エモテット）」などのマルウェアが爆発的に感染を広げた主な手口はどれか。,USBメモリの配布,過去にやり取りした実在のメールに返信する形を模した「なりすましメール」,アダルトサイトのポップアップ広告,SNSのダイレクトメッセージ,1,Emotetは感染者のメール履歴を盗み、実在の取引先との過去のやり取りの「返信」を装ってWordやExcel付きの悪意あるメールを送るため、非常に騙されやすいのが特徴です。
情報セキュリティ,2,スマートフォンやPC等のデバイス管理手法である「MDM」が主に可能にする機能はどれか。,通信速度の向上,盗難・紛失時のリモートロックやデータ消去機能,無料でのウイルス駆除,全デバイスの画面解像度の統一,1,MDM（Mobile Device Management）は、企業が支給した端末を一元管理し、紛失時の遠隔ロックやセキュリティポリシーの強制適用を行うための仕組みです。
情報セキュリティ,3,「SQLインジェクション」とはどのようなサイバー攻撃か。,サーバーに大量のデータを送りつけてダウンさせる,Webサイトの入力フォームなどに悪意のあるデータベース操作命令文（SQL）を注入し、情報を不正操作・漏洩させる,他人のPCを遠隔操作して仮想通貨をマイニングさせる,偽の無線LANアクセスポイントを設置して通信を盗聴する,1,フォームの入力欄などにデータベース用のコマンド（SQL文）を紛れ込ませて送信し、システムを不正に操る致命的な攻撃手法です。
情報セキュリティ,1,マルウェア感染の疑いがあるパソコンを見つけたとき、一番最初に行うべき物理的措置はどれか。,コンセントを抜いて電源を強制的に落とす,LANケーブルを抜く（またはWi-Fiを切断する）など、ネットワークから隔離する,怪しいファイルをダブルクリックして中身を確認する,アンチウイルスソフトをアンインストールする,1,ウイルスが社内の他のパソコンやサーバーへ感染を広げるのを防ぐため、まずは直ちにネットワークから切り離す（LANケーブルを抜く等）ことが鉄則です。
情報セキュリティ,2,「脆弱性（セキュリティホール）」を発見した際に、修正プログラム（パッチ）が提供される前にその弱点を突いて行われる攻撃を何というか。,ゼロデイ攻撃,ブルートフォース攻撃,辞書攻撃,DoS攻撃,0,対策（パッチ等）が存在しないゼロ（0）日目に行われることから「ゼロデイ攻撃」と呼ばれ、防御が非常に困難なサイバー攻撃です。
情報セキュリティ,3,「可用性（Availability）」という情報セキュリティの三大要素の一つが意味するものはどれか。,情報が漏洩しないようにすること,情報が正確で改ざんされていないこと,必要な時に、認可された利用者が確実に情報・システムにアクセスできること,すべての通信が暗号化されていること,2,情報セキュリティの三大要素（CIA）は、機密性（Confidentiality）、完全性（Integrity）、可用性（Availability）です。システムが止まらず「いつでも使える状態」を維持することが可用性です。
Windows基礎,2,Windowsの「クリップボード」は過去にコピーした履歴を複数保存できるが、PCの電源を切った（再起動した）場合、その履歴データはどうなるか。,クラウドに自動保存され残る,ハードディスクに永久保存される,すべて消去される,最初の1件だけが保存される,2,クリップボードのデータは揮発性の「メモリ（RAM）」に一時保存されているため、PCの電源を切ったり再起動したりするとすべて消去されます。
Windows基礎,3,エクスプローラーのアドレスバーに「cmd」と入力してEnterキーを押すと起動するツールはどれか。,コントロールパネル,コマンドプロンプト（現在のフォルダをカレントディレクトリとして開く）,メモ帳,タスクマネージャー,1,エクスプローラーで開いている特定のフォルダのアドレスバーに「cmd」と打つことで、その場所を基点としたコマンドプロンプト（黒い画面）を素早く開くことができます。
Windows基礎,2,PCとスマートフォンをBluetoothで接続する際などに、本人確認として互いの画面に表示され、一致していることを確認する番号（パスコード）の仕組みを何と呼ぶか。,MACアドレス,IPアドレス,PIN（またはペアリングコード）,ライセンスキー,2,ペアリング時に互いのデバイスに表示される6桁等の数字はPIN（Personal Identification Number）やパスキーと呼ばれ、第三者の端末と誤接続しないための確認に使用されます。
Windows基礎,1,画面の解像度において「フルHD（FHD）」と呼ばれる一般的なモニターのピクセルサイズ（横×縦）はどれか。,1280 x 720,1920 x 1080,2560 x 1440,3840 x 2160,1,フルHD（Full High Definition）は「1920×1080」ピクセルです。最近のノートPCや一般的なモニターの標準的な解像度です。
Windows基礎,2,Windows 10や11において、デスクトップ画面の右端にある、各種アプリの通知やクイック設定（Wi-Fi、Bluetoothオンオフなど）がまとまっている領域を何と呼ぶか。,コントロールパネル,アクションセンター（またはクイック設定パネル）,タスクバー,スタートメニュー,1,アクションセンター（OSのバージョンにより名称・UIの差あり）にはシステムからの通知や、各種設定へのショートカットボタンが収められています。
ショートカットキー,2,テキスト編集中に「Shiftキーを押しながら Homeキー」を押すとどうなるか。,一番最初の行に移動する,カーソルの位置から「その行の先頭」までを一気に選択する,ページの一番上にスクロールする,文章をすべて削除する,1,Homeキーは「行の先頭」へ移動しますが、Shiftキーと一緒に押すことで「現在の位置から先頭までを選択」することができます。
ショートカットキー,3,Windowsで、現在開いているアプリやウィンドウの「プロパティ」を開くショートカットキーはどれか。,Alt + Enter,Ctrl + P,Ctrl + Shift + P,Windowsキー + P,0,ファイルやフォルダを選択した状態で「Alt + Enter」を押すと、右クリックから「プロパティ」を選ぶ手間が省け、即座にプロパティ画面が開きます。
ショートカットキー,2,複数のファイルを選択する際に、「ここから」「ここまで」の範囲をまとめて一気に選択するために使うキーはどれか。,Ctrlキー,Altキー,Shiftキー,Windowsキー,2,最初のファイルをクリックし、最後のファイルを「Shiftキー」を押しながらクリックすると、その間にあるすべてのファイルが連続して選択されます。
ショートカットキー,3,ファイルの「完全なパス（リンク）を文字列としてコピー」したい場合、エクスプローラー上でどのキーを押しながらファイルを右クリックすればメニューに表示されるか。,Ctrlキー,Altキー,Shiftキー,Tabキー,2,Windows10環境等では、ファイルを「Shiftキー」を押しながら右クリックすると「パスのコピー」という項目が特別に表示され、C:¥...という階層名を簡単にコピーできます（Win11では標準で表示されます）。
ショートカットキー,1,「F2」キーが持つ、Windows全体で共通する代表的な機能はどれか。,名前の変更,画面の更新,検索,全画面表示,0,ファイル、フォルダ、Excelのセルなどを選択した状態でF2キーを押すと「名前の変更（編集モード）」になります。
MS Office基礎,3,Excelにおいて、「A1」セルの値が変動した際、常に自動で再計算させないようにする（手動計算モードにする）にはどのタブから設定を変更するか。,数式,データ,挿入,ホーム,0,「数式」タブの中にある「計算方法の設定」から「手動」を選ぶと、巨大なファイルの動作を軽くすることができます（再計算にはF9キーを使用）。
MS Office基礎,2,Excelのセルに「#DIV/0!」と表示された。これはどのようなエラーを意味しているか。,セルの幅が狭すぎて文字が表示しきれない,数式の参照先が削除されて存在しない,数値を0で割り算しようとしている,名前に使えない記号が入力されている,2,DIV/0（Divide by Zero）エラーは、計算式において「0（または空のセル）」で割り算を行ってしまった場合に表示されます。
MS Office基礎,2,Excelで、不要な空白や改行を取り除き、文字の見た目だけ（値だけ）を他の場所に貼り付けたい場合に選ぶオプションはどれか。,すべて貼り付け,数式の貼り付け,書式の貼り付け,値の貼り付け,3,「値の貼り付け（値のみペースト）」を行うと、元のコピー元の色や罫線、数式などの余計な情報を排除して純粋なテキストデータのみを移すことができます。
MS Office基礎,3,Wordで、他の人が直した箇所やコメントの履歴をすべて記録・表示しながら文書を作成する機能を何と呼ぶか。,バージョン履歴,変更履歴の記録,コメント追跡,コラボレーションモード,1,「校閲」タブにある「変更履歴の記録」をオンにすると、誰がどの文字を追加・削除したかが赤字や取り消し線で記録され、契約書や規程の修正など複数人での文書作成に必須の機能となります。
MS Office基礎,2,PowerPointのスライドマスタ（マスタースライド）を編集する最大の目的はどれか。,動画ファイルを埋め込むため,すべてのスライドの背景・ロゴ・フォントなどの共通デザインを一括で設定・変更するため,スライドショーの再生時間を設定するため,PDFとして保存するため,1,「スライドマスター」を編集すると、1枚1枚のスライドを直さなくても一回の操作で全ページのデザインやテキストの配置場所（ひな形）を統一することができます。
ビジネス実務,2,外部の取引先とファイルのやり取りをする際、クラウドストレージ（Google DriveやBox等）の共有リンクを活用する主なメリットとして該当しないものはどれか。,大容量のファイルでもメールサーバーの容量制限を気にせず送れる,後から誤りに気づいた際、リンクごと無効化して情報漏洩をストップできる,常に最新版のファイルをお互いに確認・共同編集できる,手元のパソコン内のHDD容量を増やすことができる,3,クラウド共有の利便性は送信時の各種制限の打破や共同編集機能にありますが、それ自体がローカルPCのHDD（ストレージ物理容量）を物理的に増やすわけではありません。
ビジネス実務,1,ビジネスにおいて、会議の決定事項や次回持ち越し課題（ToDo）などをまとめ、参加者や関係者に展開する記録文書を何と呼ぶか。,アジェンダ,議事録,企画書,見積書,1,「議事録」は会議が行われた証拠であり、言った言わないのトラブルを防ぎ、関係者への情報共有を図るための必須ドキュメントです。（アジェンダは会議前の「進行予定表」を指します）
コンプライアンス,1,業務上知り得た顧客の個人情報や会社の機密情報を、退職後を含めて第三者に漏らしてはならないという法的・契約上の義務を何と呼ぶか。,業務独占義務,守秘義務,競業避止義務,善管注意義務,1,守秘義務は、業務で得た秘密を守る義務です。退職後も適用される誓約書を入社時に結ぶのが一般的です。
コンプライアンス,2,SNSへの不適切な写真投稿などの「バイトテロ」や不適切発言によって、企業が世間からの信用を失い、株価下落や倒産に追い込まれるリスクを何と呼ぶか。,カントリーリスク,レピュテーションリスク（風評リスク）,コンプライアンスリスク,信用リスク,1,レピュテーション（Reputation＝評判・世評）が低下することで企業にとって致命的なダメージとなるリスクです。
コンプライアンス,3,他人の著作物を、著作者の許可なくコピーして自社のWebサイトやプレゼン資料で公開・配布する行為が抵触する法律はどれか。,特許法,商標法,著作権法,不正競争防止法,2,インターネット上の画像や文章の多くは著作権で保護されており、無断転載・営利目的の使用は著作権侵害（犯罪）となります。
コンプライアンス,2,「コンプライアンス」のビジネスにおける正しい意味合いはどれか。,利益を最大化するための経営戦略,法令だけでなく、社内規則や社会的な倫理・道徳を遵守すること,システムを安定稼働させるための技術基準,社員のモチベーションを上げるための人事評価システム,1,単なる「法令遵守」に留まらず、社会的規範や企業倫理に従って行動することが現在のコンプライアンスの意味です。
コンプライアンス,2,ハラスメントに関する認識で正しいものはどれか。,業務時間外の飲み会であれば、パワハラやセクハラは成立しない,本人が「指導のつもり」であればパワハラにはならない,相手が不快に感じ、尊厳を傷つけられたと受け止めれば、意図に関わらずハラスメントになり得る,同性同士であればセクハラは絶対に成立しない,2,ハラスメントは「行為者の意図」ではなく「相手がどう受け止めたか（客観的に見て不適切か）」が判断基準となります。同性間や時間外でも成立します。
ネットワーク基礎,1,インターネット上の住所にあたるもの（例：192.168.1.1）を何と呼ぶか。,MACアドレス,IPアドレス,URL,ドメイン名,1,IPアドレスはネットワークに参加している機器を識別するための住所のような役割を果たします。
ネットワーク基礎,2,「Wi-Fi」などの無線通信において、接続するためのネットワークの名前（識別子）を何と呼ぶか。,SSID,IPアドレス,WEPキー,MACアドレス,0,SSID（Service Set Identifier）は、Wi-Fiのアクセスポイントに付けられたグループ（電波）の名前です。
ネットワーク基礎,3,IPアドレスとドメイン名（例：google.com）を相互に変換する、インターネットの仕組み（システム）を何と呼ぶか。,DHCP,FTP,DNS,HTTP,2,DNS（Domain Name System）は、人間が覚えやすいドメイン名を、コンピュータが通信に使うIPアドレスに翻訳する電話帳のようなシステムです。
ネットワーク基礎,2,出張先のホテルなど、社外のネットワークから会社の内部ネットワークへ安全に接続するために利用する暗号化通信の仕組みはどれか。,LAN,VPN,WAN,NFC,1,VPN（Virtual Private Network）は、インターネット上に仮想の専用線を構築し、暗号化して通信を行う技術で、安全なリモートワークに必須です。
クラウド・最新IT,1,「クラウドコンピューティング」の説明として最も適切なものはどれか。,インターネット上のサーバーにあるサービスやデータを、自社のPCから通信越しに利用する形態,パソコンのHDDにあるデータを完全に消去・初期化するソフトウェア,インターネットに接続されておらず、社内でのみ利用できる孤立したネットワーク,PCを冷やすための冷却ファン技術,0,「クラウド（雲）」の向こう側にあるコンピューターリソースを、必要な時に必要なだけ利用する仕組みのことです。
クラウド・最新IT,2,ChatGPTなどに代表される「生成AI」を業務で利用する際の最大の注意点はどれか。,電気代が極端に高くなるため使用時間を制限する,入力した機密情報や顧客データがAIの学習に利用され、外部に漏洩するリスクがある,回答が常に100%正確であるため、人間のチェックを省いてそのまま利用しなければならない,日本語には全く対応していない点,1,生成AIに入力（プロンプト）した情報はシステム側で収集・学習される可能性があるため、社外秘の情報や個人情報を入力することは厳禁です。
クラウド・最新IT,3,ソフトウェアの利用形態の一つである「SaaS（サース）」の具体例として適切なものはどれか。,パソコンの中に組み込まれたCPUチップセット,DVDで販売されているオフライン用の買い切り型ゲームソフト,Google Workspace（旧G Suite）やSalesforceなどのクラウド型アプリケーション,自分で構築した社内の物理サーバー,2,SaaS（Software as a Service）は、ソフトウェアをインターネット経由でサービスとして提供するもののことです。
クラウド・最新IT,1,「IoT（Internet of Things）」の意味として最も適切なものはどれか。,PCの中に存在する仮想のインターネット空間,「モノのインターネット」と呼ばれ、家電や車など様々なモノがインターネットに接続され制御される仕組み,インターネットの通信速度を10倍にする次世代ケーブル,すべて人間が手作業で行うアナログな業務体制,1,スマート家電や自動車、工場のセンサーなど、あらゆる「状態を持つモノ」がインターネットと繋がる技術をIoTと呼びます。
情報セキュリティ,2,"「ランサムウェア」に感染し画面がロックされた場合、身代金を支払うべきか？","直ちに要求額を支払いデータを復旧させる","支払ってもデータが復旧する保証はなく、さらなるサイバー攻撃を助長するため決して支払うべきではない","自腹でサイバー専門業者を雇って攻撃者に報復を依頼する","ブラウザのキャッシュをクリアすれば自然に直る",1,"身代金（ランサム）を支払っても暗号化が解除される保証はなく、犯罪組織の資金源となるため『絶対に支払わない・警察機関に相談する』ことがサイバーセキュリティの原則です。"
情報セキュリティ,1,"心当たりのない送信元からのメールに「請求書.zip」が添付されていた。どう対応すべきか？","とりあえずダブルクリックして中身のファイル名だけ確認する","ウイルス対策ソフトを一時停止してから開く","絶対に開かずに情報システム部門（セキュリティ担当管理者）に報告・相談する","仲の良い同僚に転送して意見を求める",2,"不審な添付ファイルはマルウェア（Emotetなど）の実行ファイルである可能性が非常に高いため、決して開かずに速やかにシステム管理部門へ報告してください。"
情報セキュリティ,2,"「ソーシャルエンジニアリング」の手法として当てはまるものはどれか？","システムのパスワード入力画面に対して、辞書にある単語を片っ端から自動入力する攻撃","ネットワーク回線を切断してサーバーを停止させる物理的攻撃","電話でシステム管理者を装い『メンテナンスのためパスワードを教えてほしい』と聞き出すなど、人間の心理的な隙やミスを突いて情報を盗み出す手口","マルウェアを大量に添付したメールを無差別に送信する手口",2,"システム的なハッキングではなく、『ゴミ箱をあさる』『背後からパスワード入力を盗み見る』『電話で騙す』といった人間心理を利用した情報窃取の手口です。"
情報セキュリティ,3,"「多要素認証（MFA）」において、認証の3要素『知識情報』『所持情報』『生体情報』のうち、『所持情報』に該当するものはどれか？","本人の指紋や静脈のパターン","暗記しているパスワードやPINコード","母親の旧姓などの秘密の質問","スマートフォンに送信されるSMSのワンタイムパスワードや物理トークン",3,"多要素認証では、「知っていること（知識）」「持っているもの（所持）」「本人の特徴（生体）」の異なる要素を2つ以上組み合わせてセキュリティを高めます。"
情報セキュリティ,2,"フィッシング詐欺サイトによく見られる特徴として【間違っているもの（必ずしも安全と言えないもの）】はどれか？","URLの最後が「.com」や「.jp」ではなく見慣れない文字列になっている","URLが「https://」から始まり、鍵マーク（SSL証明書）がついているから絶対に安全である","日本語の文法が不自然で、フォントが中華フォント（日本の漢字と少し違う）になっている","「24時間以内にアカウントが凍結されます」などと急かしてくる",1,"近年は無料のSSL証明書も普及しており、フィッシング詐欺サイトでも「https://」や鍵マークは普通に使われているため、それだけで『安全な本物のサイト』と判断してはいけません。"
パスワード・認証,1,"企業システムにおいて、パスワードを設定・管理する際の推奨ルールとして最も適切なものはどれか？","「password」など、誰でも覚えやすいものにする","自分の誕生日や電話番号など、忘れない数字の組み合わせにする","最低でも12文字以上とし、英大文字・小文字・数字・記号を組み合わせた「短期間では推測不可能な文字列」にする","1ヶ月に1回、パスワードの末尾の数字だけを「1」から「2」などに変えて定期更新する",2,"十分な長さと複雑さを持たせることがパスワードの強度を決める最大の要因です。現在は「頻繁な定期変更」よりも「強固なパスワードを使い続ける」ことが推奨されています。"
パスワード・認証,2,"ウェブサービスごとにパスワードを「使い回す（同じものを設定する）」ことが危険とされる最大の理由はどれか？","忘れやすくなるため","どこか1つのサービスからパスワードが漏洩した場合、他のすべてのサービスに不正ログイン（パスワードリスト攻撃）される危険性が高いため","パスワードを入力する速度が落ちるため","サーバーの容量を無駄に消費するため",1,"サイバー犯罪者は、漏洩したパスワードのリストを使って他の有名サービスへ次々と不正ログインを試みる『パスワードリスト攻撃』を行います。そのため使い回しは厳禁です。"
パスワード・認証,3,"近年、パスワードを使わない認証方式（パスワードレス認証）の標準規格として普及が進んでいる技術名称はどれか？","FIDO2 (WebAuthn)","VPN","SSL/TLS","FWA",0,"FIDO2（ファイド・ツー）は、パスワードをネットワーク上に送信せず、スマホの生体認証機能などを利用して安全にログインを完了させる認証の標準規格です。"
リモートワーク,1,"カフェやホテルで提供されている「フリーWi-Fi（パスワードのいらない公衆無線LAN）」を業務用のPCで利用する際のリスクとして最も正しいものはどれか？","会社のパソコンの電池の減りが極端に早くなる","そのエリアにいる他のすべての人に、通信内容（メールや入力したパスワード等）を簡単に盗聴される危険性がある","パソコンのキーボードが一時的に効かなくなる","自動的に会社のサーバーがシャットダウンされる",1,"暗号化されていない（パスワードなしの）フリーWi-Fiは、特別な技術がなくても周囲の第三者から通信内容が丸見えになってしまうため、業務利用は絶対に避けるべきです。"
リモートワーク,2,"テレワーク中にかかってきた業務に関する電話。カフェなどの公共の場での対応として適切なものはどれか？","周りに人がいても、小声なら大丈夫だと思いそのまま話し続ける","スピーカーにして両手で作業しながら通話する","絶対に電話には出ずに出社するまで放置する","通話により顧客名などの社外秘情報が周囲に漏れる「クリアデスク・クリアスクリーン違反（情報漏洩）」になるため、速やかに周囲に人がいない安全な場所へ移動してから折り返す",3,"画面ののぞき見（ショルダーハッキング）と同様に、公共の場での通話による会話の漏洩は深刻なセキュリティインシデントに繋がります。"
リモートワーク,2,"社外にPCを持ち出す際のセキュリティ対策「クリアスクリーン」の基本アクションはどれか？","画面の明るさを最大にする","PCの前から離れる際（トイレ等）は、必ず「Windowsキー ＋ L」などで画面をロック状態にする","退社時にモニターをウェットティッシュで拭く","すべてのアプリのウインドウを常に全画面で表示する",1,"わずか数分離れるだけでも、その隙に第三者にPCを操作され情報を抜き取られるリスクがあります。離席時の画面ロック（クリアスクリーン）は鉄則です。"
リモートワーク,3,"リモートワーク環境で導入される「ゼロトラスト（Zero Trust）」というセキュリティの考え方が意味するものはどれか？","「社内ネットワークにいれば安全」というこれまでの境界防御を捨て、すべての通信やアクセスを『信頼しない（ゼロ）』前提で監視・認証し続ける仕組み","システム開発において、バグ（不具合）を必ずゼロにする開発手法","自社の社員を一切信用せず、全員のPCに監視カメラをつけること","ウイルスの感染者数をゼロ人に抑え込む国家プロジェクト",0,"クラウド化やテレワークが進み「会社の外」で仕事をするのが当たり前になった現代において、「どこからのアクセスであっても信用せず、常に毎回認証・検証する」のがゼロトラストです。"
AI・最新IT,1,"業務で「ChatGPT」などの生成AIを活用する際、絶対に行ってはならない操作はどれか？","社内規定やガイドラインに従って、一般的なアイデア出しや文章の要約を依頼する","顧客の個人情報、新製品の機密データ、会社のソースコードなどをそのままプロンプト（入力欄）に貼り付けて質問する","AIが生成した文章の真偽を必ず自分で確認（ファクトチェック）してから業務に利用する","AIの出力を参考にしながら自分自身の言葉でメール文面を作成する",1,"入力した機密情報がAIの学習データベースに取り込まれ、他社のAI回答として第三者に漏洩してしまうリスクが非常に高いため、プロンプトへの機密情報の入力は厳禁です。"
AI・最新IT,2,"AIが、もっともらしい「嘘」や事実ではない情報を、あたかも真実であるかのように出力してしまう現象（欠陥）を何と呼ぶか？","オーバーフロー","ランサムウェア","ハルシネーション（幻覚）","シンギュラリティ",2,"ハルシネーション（Hallucination）は生成AI特有の現象で、AIは「正解」を知っているのではなく「文脈として確率の高い単語」を繋ぎ合わせているだけであるために発生します。"
コンプライアンス,2,"社員が業務中に、会社のパソコンを使ってアダルトサイトや関係のない動画サイトを閲覧し、会社のリソース（時間や通信帯域）を私的に浪費している状態を何と呼ぶか？","シャドーIT","職務専念義務違反（または私的利用）","BYOD","ランサムウェア感染",1,"会社の機器と時間は業務のために使用するものであり、私的な目的で浪費することは就業規則違反（職務専念義務違反）や情報漏洩リスクに繋がります。"
ネットワーク基礎,2,"Webサイトのアドレス（URL）の先頭が「http://」でなく「https://」になっている場合、どのようなセキュリティ効果があるか？","そのサイトにウイルスが絶対に存在しないことが保証される","パソコンからWebサーバーまでの通信内容が暗号化され、通信途中での盗聴や改ざんが防止（困難に）されている","サイトの表示速度が10倍になる","ログインパスワードが不要になる",1,"末尾の「s」はSecure（安全）を意味し、TLS/SSL技術によって通信が暗号化されていることを示します。クレジットカード情報等の入力には必須の仕組みです。"
情報セキュリティ,1,"取引先から「請求書の件」という件名のメールが届き、見慣れないURLリンクが記載されていた。正しい対応はどれか？","すぐにリンクをクリックして内容を確認する","メールソフトのプレビュー画面でリンク先を見る","リンクはクリックせず、送信元のメールアドレスが本物か確認し、怪しければシステム管理者に報告する","自分以外の宛先全員に「これ開いても大丈夫ですか？」と返信する",2,"知人を装った「標的型攻撃」やフィッシングの可能性があるため、少しでも不審なリンクは絶対にクリックしてはいけません。"
情報セキュリティ,2,"スマートフォンのOS（iOSやAndroid）のアップデート通知が届いた。セキュリティの観点から最も正しい行動はどれか？","時間がかかるので無視して古いバージョンを使い続ける","Wi-Fi環境がない場所でも、急いでモバイル通信でダウンロードする","アップデート内容に「セキュリティの修正」が含まれているか確認し、なるべく早めに（業務に支障のないタイミングで）適用する","新しい機能は使いづらいので絶対にアップデートしない",2,"OSやアプリのアップデートには、脆弱性（セキュリティの弱点）の修正プログラムが含まれていることが多いため、速やかな適用が推奨されます。"
Windows基礎,1,"パソコンを離れる際、すぐに画面を「ロック状態（パスワード入力画面）」にするためのショートカットキーはどれか？","Ctrl + Alt + Delete を3回押す","Windowsキー + L","Shift + Enter","Alt + F4",1,"Windowsキーを押しながら「L（Lock）」を押すだけで、一瞬で画面がロックされ、第三者の不正操作（クリアスクリーン違反）を防げます。"
情報セキュリティ,2,"業務で使用するパスワードを定期的に（例えば1ヶ月ごとに）変更することについて、現在の主流なセキュリティの考え方はどれか？","変更すればするほど安全になるので、毎日変更するべきである","頻繁な定期変更は『パスワード1』を『パスワード2』に変えるような安易な推測を招きやすく逆に危険になるため、長くて強固なパスワードを使い続ける方が推奨される","定期変更をしないと法律で罰せられる","パスワードの定期変更はウイルス対策ソフトの機能の1つである",1,"NIST（米国国立標準技術研究所）などの世界的基準でも、定期変更を強制することはユーザーの負担となり安易なパスワードを作り出してしまうため、現在は非推奨となっています。"
情報セキュリティ,3,"「標的型攻撃メール」の巧妙な手口として、攻撃者が事前にターゲットの所属組織や取引関係などをくまなく調べ上げ、特定の個人や部署だけをピンポイントで狙う攻撃を特に何と呼ぶか？","スパムメール","スピアフィッシング（Spear Phishing）","総当たり攻撃（ブルートフォース）","ランサムウェア",1,"槍（スピア）で特定の魚を狙い撃ちするように、特定の個人や企業に向けた高度にカスタマイズされた詐欺メールのことです。"
ネットワーク基礎,1,"ホテルのフリーWi-Fiなど、パスワードなしで接続できる公衆無線LANで会社のメールをチェックしたい。どのように接続するのが安全か？","絶対に繋いではいけない（諦める）","会社のVPN（Virtual Private Network）ソフトウェアを起動し、暗号化通信を確立してからメールを開く","周りに誰もいないことを確認してからWi-Fiに繋ぐ","スマホの画面の明るさを一番暗くして繋ぐ",1,"フリーWi-Fiは通信内容が盗聴されるリスクが高いため、業務で利用する場合は必ずVPNを通し、通信トンネルを暗号化する必要があります。"
クラウド・最新IT,2,"会社が許可していない個人のクラウドストレージ（Dropboxなど）や無料のチャットツールを、仕事のデータ転送や業務連絡の目的で勝手に使うことを何と呼ぶか？","シャドーIT","BYOD","ゼロトラスト","テレワーク",0,"情報システム部門が把握・管理できていない影（シャドー）のITツール利用は、情報漏洩が発生した際に原因の追跡ができず、企業にとって深刻なリスクとなります。"
情報セキュリティ,1,"USBメモリを使ってデータを持ち運ぶ際、紛失時の情報漏洩リスクを最小限にするための最も基本的な対策はどれか？","USBメモリの外側に「機密」とマジックで書く","USBメモリ自体にパスワードロックや暗号化機能がついているセキュリティUSBを使用する","小さくて目立たない色のUSBメモリを選ぶ","データをPDF形式に変換してから保存する",1,"物理的な紛失や盗難に備え、拾った第三者がデータを読み出せないように暗号化機能つきのUSBメモリを必ず使用します。"
ビジネス実務,2,"メールを複数人に一斉送信する際、お互いのメールアドレスを知らない社外の人たち（お客様同士など）の宛先は、どのフィールドに入れるべきか？","To（宛先）","Cc（カーボンコピー）","Bcc（ブラインドカーボンコピー）","Subject（件名）",2,"Bccに入力されたメールアドレスは他の受信者には表示されません。ToやCcに入れてしまうと全員にアドレスが公開され、重大な個人情報漏洩インシデントとなります。"
情報セキュリティ,2,"パソコンの画面に突然「ウイルスに感染しました！今すぐこの番号に電話してください（ピー！という警告音）」というポップアップが出た。どうすべきか？","急いで表示された番号に電話して指示を仰ぐ","クリックしてウイルス対策ソフトを購入する画面へ進む","無視してブラウザのタブやウィンドウを速やかに閉じる、またはシステム管理者に報告する","身代金を支払う",2,"これは「サポート詐欺（フェイクアラート）」と呼ばれる手口です。実際には感染しておらず、電話をかけさせて遠隔操作ソフトを導入させたりお金を騙し取ったりするのが目的です。"
情報セキュリティ,1,"取引先に「パスワード付きZIPファイル」と「パスワードを記したメール」を2通に分けて送る運用（PPAP）が現在、多くの企業や政府で廃止・非推奨とされている最大の理由はどれか？","メールの送信に時間がかかるため","同じ経路（メール）で送っているためパスワードの意味がない上、ZIPが暗号化されていると途中のウイルスチェックをすり抜けてしまい逆に危険であるため","ZIPファイルはWindowsでしか開けないため","パスワードを考えるのが手間だから",1,"PPAPはセキュリティ効果が薄いだけでなく、マルウェア（Emotetなど）の検査をすり抜ける『パスワード付きZIPの隠れ蓑』として悪用されるため、現在ではクラウドストレージでの共有などが推奨されています。"
情報セキュリティ,2,"業務メールの添付ファイルを開く際、アイコンが「Word」の形をしていても絶対に開いてはいけない拡張子（ファイル名の末尾）はどれか？",".docx",".pdf",".xlsx",".exe や .scr",3,"ファイル名は偽装できます。特に「.exe（実行ファイル）」や「.scr（スクリーンセーバー）」は、クリックするとプログラムが起動しウイルスに感染するため非常に危険です。"
情報セキュリティ,1,"顧客の個人情報が記載された名簿ファイルを同僚にメール送信しようとしたが、間違えて社外の別の顧客に送ってしまった（誤送信）。一番最初に取るべき行動はどれか？","誤送信先に「間違えました、削除してください」とだけメールを送って証拠を消す","見て見ぬふりをして無事に済むことを祈る","「なかったこと」にして、本来の同僚にこっそり送り直す","直ちに上司および情報セキュリティ管理窓口に『誤送信した事実』を報告し、組織としての対応を仰ぐ",3,"誤送信による情報漏洩は初期対応の遅れが命取りになります。隠蔽せず、ただちに上司や管理部門に報告することが被害拡大を防ぐ唯一の手段です。"
情報セキュリティ,3,"「https://www.google.com/」というURLに見えるが、アルファベットの「o（オー）」がロシア語のキリル文字などに置き換えられており、本物そっくりの偽サイトに誘導される手口を何と呼ぶか？","ホモグラフ攻撃（同形異義語攻撃）","辞書攻撃","SQLインジェクション","DoS攻撃",0,"見た目がそっくりな別の文字（例：半角の「l（エル）」と「1（イチ）」など）を使ってドメインを偽装し、ユーザーを騙す高度なフィッシング手口です。"
Windows基礎,1,"重要な書類を作成中にPCの動きがおかしくなった。強制終了する前に試すべき「タスクマネージャー」を一発で呼び出すショートカットキーはどれか？","Ctrl + Shift + Esc","Alt + F4","Windowsキー + D","Ctrl + Alt + Delete",0,"「Ctrl + Shift + Esc」を同時に押すことで一発でタスクマネージャーが機動し、フリーズしている特定のアプリだけを終了させることができます。"
情報セキュリティ,2,"スマートフォンのセキュリティ対策として、社用・私用問わず推奨されない（危険な）行為はどれか？","OSを最新バージョンにアップデートする","画面ロックの自動移行時間を「1分」など短く設定する","公式ストア（App StoreやGoogle Play）以外にある野良サイトから、便利な無料アプリを直接ダウンロードしてインストールする","生体認証（指紋や顔）を設定する",2,"非公式ルート（野良アプリ）からインストールされたアプリには、ウイルスや情報窃取のプログラム（スパイウェア）が仕込まれている確率が非常に高いため厳禁です。"
情報セキュリティ,2,"空港やカフェに設置されている「無料のUSB充電ポート（コンセントではなくUSBの穴）」に、自分のスマホを直接ケーブルで繋いで充電する行為のリスクは何か？","スマホのバッテリー寿命が延びる","充電速度が通常の3倍になる","「ジュースジャッキング」と呼ばれ、USBケーブルを経由してスマホ内のデータを盗まれたり、マルウェアを仕込まれたりする危険性がある","通信料金が自動的に割引になる",2,"USB端子は「電力」と「データ」の両方をやり取りできる構造のため、悪意のある充電ポートに繋ぐとデータが抜かれる恐れがあります。充電専用ケーブルやACアダプタの使用が安全です。"
情報セキュリティ,1,"会社支給のiPhoneが、外出先で入ったレストランで盗難に遭ってしまった。まず最初に行うべきセキュリティ上の対応はどれか？","警察に行く前に、自分で犯人をGPSで探し出して取り返す","速やかに上司やシステム管理部門へ連絡し、遠隔でデータを消去・ロック（リモートワイプ）する手配を行う","新しいスマホを自腹で買って、誰にも言わずにごまかす","SNSで「スマホ盗まれました」と投稿する",1,"紛失・盗難時は「端末内の機密情報が第三者に渡る前」に、モバイルデバイス管理（MDM）機能等を使って遠隔でロック・データ消去（リモートワイプ）をかけることが最優先です。"
情報セキュリティ,2,"マルウェアの一種である「ランサムウェア」の被害を最小限に抑え、感染しても早期に業務を復旧できるようにするための最も有効な事前対策はどれか？","アンチウイルスソフトの設定をすべて無効化しておく","ネットワークから隔離された安全な場所（オフラインや別サーバー）に、定期的にデータのバックアップを取っておく","毎日パスワードを変更する","画面の明るさを最大にしておく",1,"ランサムウェアはPC内のデータを暗号化して人質に取りますが、「感染していない安全なバックアップファイル」さえあれば、PCを初期化してすぐにデータを元に戻すことができます。"
情報セキュリティ,3,"「Emotet（エモテット）」などのマルウェアが、システムに侵入した後に最初に行う典型的な悪意ある行動はどれか？","PCのデスクトップ壁紙を真っ黒に変える","メールソフトの過去の送受信履歴やアドレス帳を盗み出し、取引先や社内向けに「なりすましメール」をばら撒く指示を出す","PCの電源を物理的にショートさせる","キーボードの入力をすべて無効化する",1,"Emotetは感染すると、盗み出した実在のメール履歴を元にして「To: 〇〇様、先日の件です」といった極めて自然な日本語の返信メール（ウイルス付き）を送信し、感染を爆発的に広げます。"
情報セキュリティ,2,"Webブラウザ（ChromeやEdgeなど）に搭載されている「パスワード保存機能」を使用する際のリスクとして、最も注意すべき点はどれか？","パスワードが長すぎると保存できない点","パソコンがウイルス（情報窃取型マルウェア）に感染した場合、ブラウザに保存されているすべてのパスワードが一括で盗まれる危険性がある点","ブラウザの動作が極端に重くなる点","保存すると自動的に他人に共有されてしまう点",1,"便利なブラウザのパスワード保存機能ですが、それを専用に狙って一括で抜き取るマルウェア（インフォスティーラー）が猛威を振るっているため、端末自体のウイルス対策が必須です。"
情報セキュリティ,3,"「多要素認証（MFA）」において、SMSで送られてくる一時的なコードよりも、専用の「認証アプリ（Google Authenticatorなど）」を使う方がより安全とされている理由はどれか？","認証アプリの方が画面がおしゃれだから","SMSは携帯電話網の隙を突かれたり、SIMスワップ（SIMカードの乗っ取り）によって攻撃者にコードを横取りされるリスクがあるため","SMSは有料だが、認証アプリは無料だから","認証アプリを使うとパスワード自体が不要になるから",1,"SMSによるワンタイムパスワードは、携帯キャリアの情報を偽装して攻撃者がSMSを受信してしまう「SIMスワップ攻撃」の標的になりやすいため、よりセキュアな認証アプリや物理キーの利用が推奨され始めています。"
情報セキュリティ,1,"道を歩いていたところ、「〇〇株式会社 重役会議事録」と書かれた印字済みのUSBメモリが落ちていた。正しい行動はどれか？","ラッキーと思い、自分のPCに挿して中身を読んでみる","会社のPCに挿して、持ち主の連絡先を探してあげる","「Autorun（自動実行）」機能などを悪用したウイルスが仕込まれているトラップの可能性が高いため、絶対に自分のPCや会社のPCには挿さない","フリマアプリで販売する",2,"拾ったUSBメモリをPCに接続させる攻撃手法が存在します。接続した瞬間に見えないウイルスが実行され、企業のネットワークに侵入される恐れがあるため絶対に接続してはいけません。"
情報管理,2,"あるプロジェクトの機密データを社外の協力会社メンバーに送りたい。会社で契約しているクラウドストレージ（BoxやOneDrive）の正しい使い方はどれか？","「リンクを知っている全員」がアクセスできる設定にして、URLをメールで送付する","パスワード設定や期限設定を行い、かつ「特定のメールアドレスを持つ人のみ」がアクセスできるよう権限を絞って共有リンクを発行する","自分の個人のGoogleドライブにアップロードし直して共有する","USBメモリにコピーして普通郵便で送る",1,"クラウドストレージの共有リンクは非常に便利ですが、設定を誤ると全世界から誰でもアクセス可能な状態（情報漏洩）になってしまうため、アクセス権の厳格な設定が必要です。"
ビジネス実務,1,"業務中に「PCの調子が悪い」と同僚から相談された。解決のために取るべき行動として「不適切（危険）」なものはどれか？","再起動を試すようアドバイスする","自分のシステム管理者（Admin）パスワードを教えて、「これでログインして直してみて」と伝える","情報システム部門（ヘルプデスク）に連絡するよう促す","ネットワークが繋がっているかケーブルを確認する",1,"パスワードの共有はセキュリティの根幹を揺るがす重大なルール違反です。どれほど親しい同僚や上司であっても、自分のパスワードを教えて他の人に操作させてはいけません。"
情報セキュリティ,2,"自社の社長や役員を名乗り「至急、この口座に振り込んでくれ」というメールが届いた。これはどのような詐欺の手口か？","ワンクリック詐欺","BEC（ビジネスメール詐欺）","サポート詐欺","ショルダーハッキング",1,"Business Email Compromise（BEC）は、経営層や取引先になりすまして高額な金銭を騙し取る極めて巧妙な標的型攻撃です。"
情報セキュリティ,1,"業務メールの添付ファイルを開く際、「.docx」や「.xlsx」などのOfficeファイルであっても注意が必要な理由はどれか？","Officeファイルはサイズが大きすぎてPCが壊れるから","『マクロ（VBA）』と呼ばれる自動実行プログラムを悪用したウイルスが仕込まれている可能性があるから","Officeファイルを開くとパスワードを要求されるから","利用料金を請求されるから",1,"悪意のあるマクロを含んだExcelファイル等を開かせ、『コンテンツの有効化』ボタン等を押させてマルウェアに感染させる攻撃が多発しています。"
情報セキュリティ,3,"「ゼロデイ攻撃」とは、どのような状態のシステムを狙うサイバー攻撃か？","毎月「0のつく日」に行われる定期的な攻撃","システムの脆弱性が発見されたが、それを修正するためのパッチ（修正プログラム）がまだ提供されていない状態を突く攻撃","セキュリティソフトがないパソコンを狙う攻撃","入社0日目の新入社員を狙う攻撃",1,"対策プログラムがまだ存在しない無防備な状態（ゼロデイ）で行われるため、防ぐのが非常に困難な致命的な攻撃です。"
Windows基礎,2,"パソコンの部分的な画面のみを瞬時に切り取って画像（スクリーンショット）にするための最強のショートカットキーはどれか？","Ctrl + C","Windowsキー + Shift + S","Alt + Tab","Ctrl + P",1,"Windows10以降では「Win + Shift + S」を押すと画面上部が一瞬暗くなり、マウスで囲んだ部分だけを綺麗にコピーできます。"
リモートワーク,2,"社外から社内ネットワークへ安全に接続するための「VPN」が提供する主なセキュリティ機能はどれか？","通信速度を光回線の10倍にする","ウイルスを自動で全自動駆除する","インターネット上に「暗号化された仮想的な専用トンネル」を作り、通信内容の盗聴や改ざんを防ぐ機能","カフェのWi-Fiパスワードを自動解除する機能",2,"VPN（Virtual Private Network）を通すことで、公衆Wi-Fiなどの危険な通信網でも安全に社内データにアクセスできるようになります。"
パスワード・認証,1,"さまざまなWebサービスで「二段階認証（多要素認証）」の設定が急務となっている最大の理由は何か？","パスワード入力画面のデザインをかっこよくするため","パスワードが流出した際でも、スマホ等への確認コード（要素）がなければ不正ログインを防げるため","面倒くさくして利用者を減らすため","ログイン時の通信量を節約するため",1,"IDとパスワードのリストが裏市場で売買されている現在、パスワードだけでの防御は限界があり、二段階認証で「スマホの所持」などを確認する必要があります。"
クラウド・最新IT,3,"企業で「IDaaS（アイダース）」と呼ばれるサービス（Oktaなど）を導入する主な目的はどれか？","複数のクラウドサービス（SaaS）へのログインパスワードをそれぞれ別に100個管理させるため","「シングルサインオン（SSO）」を実現し、1つの強力なID/パスワードと多要素認証で全ての社内システムへ安全・便利にアクセスさせるため","新入社員のデスクを自動で用意するため","すべてのパソコンをMacに統一するため",1,"IDaaSはクラウド上のID管理・認証サービスであり、パスワードの使い回しを防ぎつつ社員の利便性を劇的に高める「ゼロトラスト」時代の必須ツールです。"
情報セキュリティ,2,"昨今、実在の企業からのメールを装ったフィッシング詐欺を見破るための有効な手段の1つはどれか？","メールの文字数が多いかどうか数える","本文のリンクをクリックして、表示されたサイトの文字の色を確認する","リンクはクリックせず、公式サイトをブックマークやGoogle検索から直接開いて、そこでマイページ等にログインし確認する","迷惑メールフォルダに入っていなければ全て本物だと信じ込む",2,"偽サイトは本物そっくりに作られているため、メール内のURLはクリックせず、自身で保存したブックマーク等から本物のサイトへアクセスする習慣が重要です。"
情報管理,1,"社員がカフェで仕事中、PCの画面を他人に盗み見られないよう物理的にブロックする最も簡単な対策はどれか？","画面の明るさを限界まで上げる","のぞき見防止用（プライバシー）フィルターをモニターに貼る","サングラスをかける","常に英語の文章だけを表示させておく",1,"横からの視野角を制限するプライバシーフィルターを貼ることで、隣の席からのショルダーハッキング（のぞき見）を物理的かつ効果的に防げます。"
ビジネス実務,2,"仕事で機密情報を含むデータをUSBメモリで持ち運ぶ際、企業が取るべき絶対のルールはどれか？","紛失した場合は恥ずかしいので見つかるまで誰にも言わない","個人的に買ったおしゃれなUSBメモリを使う","パスワードロック機能やハードウェア暗号化機能が備わった「会社指定のセキュリティUSBメモリ」のみを使用する","USBの表面に『社外秘』と大きく書く",2,"紛失や盗難は必ず起こり得るという前提に立ち、落としても『第三者が中のデータを絶対に読み出せない（暗号化）』状態にしておくことが情報漏洩を防ぐ最後の砦です。"
情報セキュリティ,3,"PCがランサムウェアに感染してデータが暗号化された。「身代金をクレジットカードで支払え」と表示されている。どうすべきか？","すぐに会社の経費でクレジットカード決済を行う","支払ってもデータが戻る保証はなく、テロ資金の助長にもなるため絶対に支払わず、ネットワークから隔離して専門家（警察や管理部署）に対応を委ねる","パソコンを叩いて直す","英語で「やめてください」と返信する",1,"身代金を支払う企業は「再び支払う金づる」としてさらに標的にされます。支払わずに日頃のバックアップから復旧させることが唯一の正しい対応です。"
ネットワーク基礎,1,"自宅のWi-Fiルーターのセキュリティを高めるために、最もやってはいけない設定はどれか？","ルーターの管理画面用パスワードを「admin」や「1234」など初期設定のままにしておくこと","「WPA3」などの最新の強力な暗号化方式を設定すること","ルーターのファームウェア（中のソフト）を常に最新にアップデートすること","推測が難しい強固なWi-Fiパスワードに変更すること",0,"Wi-Fiルーターの管理パスワードが初期設定のままだと、悪意のある第三者に外部から設定を書き換えられ、家の通信をすべて盗聴されたり乗っ取られたりする恐れがあります。"
クラウド・最新IT,2,"生成AI（ChatGPTなど）を利用する際、企業が直面する情報セキュリティ上の重大なリスクはどれか？","AIの返答が速すぎるためにPCが熱暴走する","社員が入力した機密情報や個人情報がAIの学習データとして蓄積され、赤の他人のAI回答として機密が漏洩してしまうリスク","AIが人間の仕事を完全に奪ってしまうリスク","すべて英語でしか回答してくれないリスク",1,"社外秘のデータ（会議の議事録やソースコード、顧客情報など）をパブリックな生成AIに入力することは、企業にとって致命的な情報漏洩（データ漏洩）に繋がります。"
情報セキュリティ,1,"あなたがシステム管理者だとします。社員から「パスワードを忘れたので教えてほしい」と電話がかかってきました。適切な対応はどれか？","電話口で現在のパスワードを読み上げて教える","付箋にパスワードを書いてデスクに貼っておく","電話の相手が本人であることを社内規定に沿って確実に確認（二経路認証等）した上で、一時的な仮パスワードを発行し、社員自身に変更させる","「パスワードの設定を無しにしておきます」と答える",2,"電話口での「なりすまし（ソーシャルエンジニアリング）」を防ぐため、本人確認を徹底した上で、管理者がパスワードを知らない状態（システムによるリセット）を保つことが重要です。"
情報管理,2,"「クリアスクリーン」とはどのようなセキュリティ対策か？","パソコンの画面を毎日雑巾で拭くこと","離席する際に必ずパソコンを「ロック状態（パスワード入力画面）」にし、第三者に操作されたり画面を見られたりしないようにすること","液晶フィルムを剥がすこと","すべてのウインドウを閉じてデスクトップに何もない状態にすること",1,"少しの離席の間に勝手にメールを送られたりデータを抜かれたりするのを防ぐため、Windowsキー＋L等によるクリアスクリーン（画面ロック）はオフィスでの鉄則です。"
情報セキュリティ,3,"「ダークウェブ」とはどのような場所を指すか？","画面の背景が黒いウェブサイトのこと","検索エンジン（Google等）にはヒットせず、専用の匿名ブラウザを使わなければアクセスできない、違法な情報（漏洩したパスワードやクレジットカード情報等）が売買される匿名ネットワーク空間","パソコンの電源を切った後のこと","宇宙空間にあるウェブサーバーのこと",1,"サイバー犯罪の温床となっており、企業から漏洩したアカウント情報や個人情報がダークウェブ上で取引され、第二・第三の攻撃に悪用されています。"
パスワード・認証,2,"あるサービスのパスワードが漏洩したというニュースを見た。あなたが取るべき安全対策として最も適切なものはどれか？","「自分は大丈夫」と信じて無視する","そのサービスと同じID・パスワードを『使い回している』他のすべてのサービス（銀行、SNS、通販など）のパスワードも直ちに変更・複雑化する","パソコンを買い替える","警察に自首する",1,"攻撃者は漏洩した情報を使い、あなたが利用していそうな他のすべてのサービスに不正ログインを試みる（パスワードリスト攻撃）ため、使い回し箇所の変更が最急務です。"
ビジネス実務,1,"業務メールでファイルを送信する際の「誤送信」を防ぐために、個人レベルでできる最も強固な対策はどれか？","送信ボタンを押す前に、必ず「宛先（To, Cc, Bcc）」「件名」「添付ファイル」の3つを指差し確認（またはダブルチェック）する習慣をつける","目をつぶって送信ボタンを押す","できる限りメールは使わず全て電話で済ませる","すべての人をBccに入れる",0,"情報漏洩インシデントの大部分は「メールの誤送信」という『人間のヒューマンエラー』によって起こります。送信前の再確認（セルフチェック）が最大の防御です。"
情報セキュリティ,2,"マルウェアに感染した疑いがあるPCを見つけた際、一番最初に行うべき『被害拡大防止』の初動対応はどれか？","すぐに電源を落としてはいけないため、ネットワーク（LANケーブルやWi-Fi）から直ちに切断する","ウイルス対策ソフトをアンインストールする","同僚にチャットで相談しながらそのまま作業を続ける","自分のスマホで証拠の写真を撮る",0,"感染が社内ネットワーク全体やサーバーへ広がるのを防ぐため、真っ先に「物理的・論理的なネットワークからの隔離」を行うのがインシデント対応の原則です。"
情報管理,1,"機密情報を印刷したままプリンターに放置してしまった。どのようなリスクがあるか？","プリンターがインク切れになる","通りがかった第三者に見られたり、持ち去られたりする（情報漏洩）","紙の無駄遣いになる","パソコンがウイルスに感染する",1,"「放置プリント」はオフィス内で頻発する物理的な情報漏洩インシデントの一つです。印刷後は速やかに回収することが重要です。"
パスワード・認証,2,"あるサービスのパスワードが流出した。なぜ自分は『それ以外のサービス』のパスワードまで変更する必要があるのか？","パスワード変更画面が使いやすいから","サイバー犯罪者は流出したIDとパスワードのリストを使って、他の有名なサービス（SNSや銀行など）にログインできないか「総当たり（パスワードリスト攻撃）」を試みるから","すべてのサービスは共通の同じサーバーにあるから","気分転換のため",1,"使い回しているパスワードは、1つのサービスから漏洩した瞬間に他のすべてのアカウントを乗っ取られる致命的な弱点となります。"
リモートワーク,1,"自宅でテレワーク中、業務で使用しているPCを家族（子供など）に少しだけ貸してネットゲームをさせた。この行為のセキュリティリスクは？","家の電気代が少し上がる","家族が誤って業務データを消去したり、悪意あるサイトにアクセスしてPCがマルウェアに感染する重大なリスクがある","家族が仕事のスキルを身につける","ゲームのスコアが下がる",1,"会社支給のPC（または業務データを扱う私物PC）を、セキュリティ意識の低い第三者と共有することは厳禁です。"
情報セキュリティ,3,"「ソーシャルエンジニアリング」の手口から身を守るために、最も重要な従業員の基本行動はどれか？","ウイルス対策ソフトを毎日2回手動でスキャンする","電話や対面で相手（システム管理者や上司）を名乗る人物からパスワードや機密情報を聞かれても、絶対にそのまま答えず、折り返すなどして『確実に本人であること』を確認する","迷惑メールをすべて無視する","会社のパソコンを使わない",1,"ソーシャルエンジニアリングは人間の心理的な隙を突く攻撃です。「管理者を名乗る人間」こそ疑い、システムによる正規の手続きを求めることが唯一の防御策です。"
クラウド・最新IT,2,"クラウドサービスを業務で利用する際、「責任共有モデル（Shared Responsibility Model）」が意味することはどれか？","クラウド事業者がすべてのセキュリティ責任を100%負ってくれる","クラウド事業者はサーバー等の『インフラ（土台）』を守る義務を負うが、その上に置く『データの内容・アクセス権・パスワード』はお客様自身が守る責任がある","社員全員で利用料金を割り勘にすること","パスワードを社員同士で共有すること",1,"クラウドは魔法の安全箱ではありません。どこから誰にアクセスさせるか（設定ミスによる情報漏洩）は利用する企業の自己責任となります。"
ビジネス実務,2,"退職や異動をする際、これまでの取引先とのメール履歴や社内資料のファイルを無断で私物のUSBメモリにコピーして持ち帰った。どうなるか？","思い出として大切に保管できるので推奨される","「営業秘密の侵害」として不正競争防止法違反などの罪に問われ、損害賠償や刑事罰の対象となる重大な犯罪行為である","新しい職場で即戦力として活躍できる","会社のサーバーが軽くなって喜ばれる",1,"退職時のデータ持ち出しは深刻な内部不正であり、本人は軽い気持ちでも企業に甚大な損害を与えるため法的に重く罰せられます。"
情報セキュリティ,1,"「標的型攻撃メール」において、ウイルスつきの添付ファイルを開かせるために攻撃者がよく使う巧妙な「件名（タイトル）」の例はどれか？","「あなたは1億円当選しました！」","「【至急】先日の会議での決定事項について」や「【経理部】今月分の請求書データ送付」","「出会い系サイトからの重要なお知らせ」","文字化けした読めないメール",1,"標的型攻撃は「絶対に開いてしまうような業務上自然な件名や差出人」を偽装して送られてくるため、一般的なスパムフィルターや人間の直感だけでは防ぐのが困難です。"
ネットワーク基礎,2,"自宅のWi-Fiルーターなどで使用される暗号化規格のうち、現在最も新しく安全とされるものはどれか？","WEP","WPA","WPA2","WPA3",3,"古いルーターで使われている「WEP」や「WPA」は既に数秒で解読されるツールが出回っているため危険です。現在導入するならWPA3（または少なくともWPA2-AES）が必須です。"
情報セキュリティ,2,"ディープフェイク（Deepfake）などのAI技術を悪用し、企業の重役の「声や動画」をリアルタイムで偽装して送金指示を出す詐欺事件が発生しています。現場の社員がこれを見抜く・防ぐための現実的な対策はどれか？","すべての電話を録音する","普段と異なる急な高額送金や機密の指示があった場合、指示されたのとは別の手段（電話ならチャット、チャットなら対面など）で必ず本人に『二重確認』を行う","社長の声の波形を毎日分析・記憶しておく","パスワードを毎日変える",1,"AIによる偽装技術は人間の目と耳では見破れないレベルに到達しつつあるため、別の経路を使った「プロセスでの本人確認（二経路認証）」だけが確実な防御となります。"
MS Office基礎,2,"Excelで作った顧客リストのファイルを社外に公開する際、事前に必ずチェック・削除すべき「見えない設定」はどれか？","フォントの色","改ページプレビュー","シートのタブ色","非表示に設定されているシートや、作成者などのプロパティ（ドキュメント情報）",3,"Excelの「非表示シート」や書類の「プロパティ」には、公開すべきでない計算式や社内用メモ、作成者の氏名などが残ったままになっていることが多く、深刻な情報漏洩に繋がります。"
MS Office基礎,3,"Wordの「変更履歴の記録」機能をオンにしたまま社外へファイルを送信してしまった。どのようなリスクがあるか？","ファイルが開けなくなる","修正前の『社内だけのやり取り』や『ボツになった価格交渉の経緯』などが、受信者側の操作で丸見えになってしまうリスクがある","ウイルスに感染する","文字化けする",1,"変更履歴は見た目上オフになっていても、データとしてはファイル内に残っています。社外に送る際は最終版として履歴を完全に承諾・削除するか、PDF化する必要があります。"
ショートカットキー,1,"ブラウザ（ChromeやEdge）で、さっきうっかり閉じてしまったタブを「一瞬で復活させる」ための強力なショートカットキーはどれか？","Ctrl + C","Ctrl + Shift + T","Alt + F4","Windowsキー + Tab",1,"「Ctrl + Shift + T」を押すだけで、直前に閉じてしまったタブが履歴から瞬時に復元されます。業務効率を一気に上げるキーです。"
ショートカットキー,1,"大量のウィンドウを開きすぎてデスクトップが見えなくなった。すべてのウインドウを一瞬で最小化してデスクトップを表示するショートカットキーはどれか？","Windowsキー + D","Shift + Delete","Ctrl + Alt + Delete","Alt + Tab",0,"Windowsキーと「D（Desktop）」を同時に押すだけで、一瞬でデスクトップ画面に戻ります。背後の人に見られたくない画面を一瞬で隠す際にも使えます。"
ビジネス実務,1,"業務で知り得た情報（未発表の製品、著名な顧客の来店など）を、個人の匿名SNSアカウントで「今日すごい人がうちの会社に来た！」と呟いた。どのような問題があるか？","宣伝になるので感謝される","フォロワーが増えるので推奨される","たとえ匿名や社名を隠していても、『情報漏洩（機密保持義務違反）』として法的措置や懲戒解雇の対象となる重篤なルール違反である","個人情報ではないので問題ない",2,"「匿名だからバレない」は致命的な誤解です。過去の投稿や写真、位置情報などから個人や所属企業は容易に特定され、企業に計り知れない損害を与えます。"
ビジネス実務,2,"オフィスの自分のデスクで、可愛いペットのフィギュアやお気に入りの文房具の写真を撮り、SNSにアップした。この行為に潜むセキュリティリスクは何か？","写真が綺麗に撮れない","写真の背景に、パソコンの画面（顧客情報）や机に置かれた社外秘の書類、社員証などが「写り込んで」情報漏洩するリスクがある","著作権侵害になる","フラッシュでPCが壊れる",1,"本人が意識していない「背景への写り込み（机の上の書類やPCの画面）」から、企業の機密情報が流出する事故が相次いでいます。オフィス内での撮影は原則禁止です。"
情報セキュリティ,3,"街中にある無料のWi-Fiのうち、本物のカフェのWi-Fiと全く同じ名前（SSID）に設定して待ち構えている、悪意のある偽のWi-Fiアクセスポイントを何と呼ぶか？","ランサムウェア","悪魔の双子（Evil Twin）","ハニーポット","Tor（トーア）",1,"攻撃者が本物と同じ名前のWi-Fiを飛ばし、パスワードもなし（または本物と同じ）に設定しておくことで、ユーザーのスマホを自動接続させて通信内容をすべて盗み見る手口です。"
情報セキュリティ,2,"スマートフォンのカメラで「QRコード」を読み取った。この時、セキュリティ上の理由から『URLを開く前』に必ず確認すべきことはどれか？","カメラのレンズが汚れていないか","読み取った結果の「URL（アドレス）」が不自然なものになっていないか（本来のサイトのURLか）を確認すること","QRコードが白黒かどうか","スマホの電池残量",1,"正規のポスター等に『偽のQRコードシール』を上から貼り付けてフィッシングサイトに誘導する「Quishing（クイッシング）」という物理的な詐欺手法が増加しています。"
情報セキュリティ,3,"一見するとごく普通の「スマホ充電用ケーブル」に見えるが、実は端子の中に極小のハッキングチップが内蔵されており、PCやスマホに繋ぐと遠隔操作やデータ抜き取りが行われてしまう恐るべきツールの通称はどれか？","O.MGケーブル","USBメモリ","HDMIケーブル","Lightningケーブル",0,"O.MGケーブルなどの悪意あるハードウェアは、見た目で本物と区別がつきません。「出所不明のケーブル」を自分のPCに繋ぐことは、見知らぬUSBメモリを挿すのと同じくらい危険です。"
パスワード・認証,2,"強固なパスワードを作成する際の「パスフレーズ」という考え方はどれか？","「password」や「123456」にする","英単語を1つだけ選ぶ","「GreenAppleTreeDog」のように、関連性のない複数の単語を組み合わせて、非常に長くて推測不可能だが自分には覚えやすい文字列を作ること","パスワードをすべて数字にする",2,"複雑な記号（#や$）を無理に入れるよりも、ただ長さを稼ぐ（15桁以上等）方がコンピュータでのハッキング解読には格段に時間がかかるため、長い単語の羅列（パスフレーズ）が推奨されます。"
パスワード・認証,2,"インターネットのサービスで、ログインするたびに「ロボットではありません（私は人間です）」というチェックボックスを押させたり、信号機やバスの画像を選択させたりする仕組みを何と呼ぶか？","CAPTCHA（キャプチャ）","マルウェア","ランサムウェア","ブロックチェーン",0,"CAPTCHAは、攻撃者がプログラムを使って何百万回も「パスワードの自動入力を繰り返す（ブルートフォース攻撃など）」のを防ぐための強力なセキュリティ防御システムです。"
情報セキュリティ,1,"インターネット上でダウンロードしたフリーソフト（無料ソフト）を会社のPCにインストールしても良いか？","無料で経費削減になるため、積極的にどんどん入れるべきである","業務に必要なら誰の許可も得ずにインストールして良い","マルウェアが混入しているリスクやライセンス違反のリスクがあるため、必ず情報システム部門などの管理者に相談・許可を得てから導入する","週末だけならインストールしても良い",2,"フリーソフトや出所不明の有償ソフト（クラック版）には、高い確率でウイルスや情報窃取プログラムが仕込まれています。会社のPCへの無断インストールは厳禁です。"
コンプライアンス,2,"同僚が、会社の経費で購入したソフトウェア（動画編集ソフトやOfficeなど）を「自分の自宅の私用パソコンにも入れて使っている」と言っていた。これはどのような問題があるか？","ライセンス違反（著作権法違反）という違法行為であり、発覚した場合、会社に対する多額の損害賠償請求や社会的信用の失墜に繋がる重大なコンプライアンス違反である","会社のお金が節約できるので称賛されるべきである","自宅で仕事をするかもしれないので問題ない","ウイルスに感染しなければ何台に入れても良い",0,"ソフトウェアのライセンス（利用許諾）は厳格に定められており、契約違反のコピー（不正利用）は企業犯罪として取り扱われます。"
ネットワーク基礎,1,"会社から貸与されたスマートフォンで、モバイルデータ通信（4G/5G）を使って「デザリング」を行い、会社のPCをインターネットに繋いだ。この通信自体のセキュリティレベルはどう評価されるか？","誰にでも通信内容が見えてしまうため非常に危険である","携帯電話キャリアの通信網を利用しており暗号化されているため、パスワード無しのカフェのフリーWi-Fiなどを利用するよりも遥かに安全である","違法行為である","スマホがウイルスに感染する",1,"Wi-Fiがない外出先で業務を行う場合、安全性のわからない公衆Wi-Fiに繋ぐよりも、自社のスマホのテザリング機能を使う方が通信経路としては遥かに安全です。"
ビジネス実務,1,"メールを受信した際、相手が「Cc」に入れている他の人のメールアドレスに対してしてはいけない行動はどれか？","Toの相手だけに返信する","全員に返信する","情報共有のためにCcに入れられている他の関係者に対して、そのアドレスを勝手に自分のメルマガの配信リストや年賀状の宛先リストに登録して利用する","メールをゴミ箱に捨てる",2,"Ccに入っているアドレスは『今回の業務の共有のために一時的に取得された個人情報』です。これを全く別の目的（私的利用や自社の営業目的）で無断流用することは法令違反となるおそれがあります。"
